id,category,question_vi,question_en,answer_en,answer_vi_current,best_support_vi,gold_context_vi,answer_vi_corrected,notes
5a73d33e5542992d56e7e3a9,A_likely_ok,Tội phạm nào sẽ bị trừng phạt bằng hình thức án tù mà bà Le Corbeau đã nhận được ở Canada?,What is a crime that is punishable by the type of sentence that Madame Le Corbeau received in Canada?,capital crimes or capital offences,tội phạm tử hình hoặc tội phạm tử hình,"Tử hình, còn được gọi là án tử hình, là một hành vi do chính quyền phê chuẩn mà theo đó một cá nhân bị nhà nước xử tử vì phạm tội.","Bà Corbeau
Marguerite Pitre (5 tháng 9 năm 1908 – 9 tháng 1 năm 1953), sinh ra với tên Marguerite Ruest, còn được biết đến với tên gọi Marguerite Ruest-Pitre, là một người âm mưu trong vụ giết người hàng loạt do đánh bom một chiếc máy bay. Là phụ nữ thứ mười ba và cuối cùng bị treo cổ ở Canada, bà đã bị hành quyết vào ngày 9 tháng giêng năm 1953 tại Montreal, Quebec.
Tử hình
Tử hình, còn được gọi là án tử hình, là một hành vi do chính quyền phê chuẩn mà theo đó một cá nhân bị nhà nước xử tử vì phạm tội. Câu kết án người nào chịu sự trừng phạt như vậy được gọi là bản án tử hình và việc thực hiện bản án này được gọi là hành quyết. Những tội đáng phải chịu hình phạt tối đa (tử hình) được biết đến với tên gọi các trọng tội hoặc trọng phạm và thường bao gồm những vụ giết người, phản quốc, gián điệp, tội ác chiến tranh, tội ác chống lại nhân loại và diệt chủng. Về mặt từ nguyên học thì thuật ngữ ""tối đa"" (nguyên nghĩa: ""của chủ"", bắt nguồn từ tiếng Latin ""capitalis"" dẫn ra từ ""caput"", nghĩa là đầu"") ám chỉ việc hành quyết bằng cách chặt đầu.",,
5a7324205542994cef4bc478,A_likely_ok,"Ai là một nhà thơ, Rumi hay Farouk El-Baz?","Who is a poet, Rumi or Farouk El-Baz?","Rumi (30 September 1207 – 17 December 1273), was a 13th-century Persian Sunni Muslim poet","Rumi (30 tháng 9 năm 1207  17 tháng 12 năm 1273), là một nhà thơ Hồi giáo Sunni Ba Tư thế kỷ 13","Jalāl ad-Dīn Muhammad Rūmī (Persian: جلال‌الدین محمد رومی‎ ‎ ), còn được biết đến với tên gọi Jalāl ad-Dīn Muhammad Balkhī (جلال‌الدین محمد بلخى ), Mevlânâ/Mawlānā (مولانا , ""chú của chúng ta""), Mevlevî/Mawlawī (مولوی , ""thầy của tôi"") và phổ biến hơn là Rumi, là một nhà thơ, học giả Hồi giáo người Ba Tư theo trường phái Sunni vào thế kỷ 13.","Rumi
Jalāl ad-Dīn Muhammad Rūmī (Persian: جلال‌الدین محمد رومی‎ ‎ ), còn được biết đến với tên gọi Jalāl ad-Dīn Muhammad Balkhī (جلال‌الدین محمد بلخى ), Mevlânâ/Mawlānā (مولانا , ""chú của chúng ta""), Mevlevî/Mawlawī (مولوی , ""thầy của tôi"") và phổ biến hơn là Rumi, là một nhà thơ, học giả Hồi giáo người Ba Tư theo trường phái Sunni vào thế kỷ 13. Ông cũng là một nhà tư pháp Hồi giáo, thần học gia và đạo sư Sufi huyền bí. Ảnh hưởng của ông vượt qua những biên giới quốc gia và sắc tộc: người Iran, người Tajikistan, người Thổ Nhĩ Kỳ, Hy Lạp, Pashtun cùng các dân tộc Trung Á khác lẫn toàn bộ cộng đồng Hồi giáo Nam Á đã đánh giá cao di sản tâm linh mà ông để lại trong suốt bảy thế kỷ qua. Những bài thơ của ông đã được dịch sang nhiều ngôn ngữ trên thế giới và chuyển thể thành nhiều định dạng khác nhau. Rumi từng được miêu tả là ""nhà thơ nổi tiếng nhất"" hay ""nhà thơ bán chạy nhất"" tại Hoa Kỳ
Farouk El-Baz
Farouk El-Baz (tiếng Ả Rập: فاروق الباز‎ ‎, tiếng Ai Cập: ) (sinh ngày 2 tháng 1 năm 1938) là một nhà khoa học không gian người Mỹ gốc Ai Cập đã làm việc cùng NASA trong việc lên kế hoạch cho các chuyến thám hiểm khoa học của tàu Apollo lên mặt trăng bao gồm cả lựa chọn địa điểm hạ cánh và huấn luyện phi hành gia quan sát và chụp ảnh trên mặt trăng.",,
5a7bcbc8554299294a54aae2,A_likely_ok,"Trường nào được đặt tên theo một cá nhân, Sir Syed University of Engineering and Technology hay Manhattan College?","Which school is named after a person, Sir Syed University of Engineering and Technology or Manhattan College? ",Sir Syed University of Engineering and Technology,Sir Syed University of Engineering and Technology,Đại học Kỹ thuật Sir Syed,"Đại học Kỹ thuật Sir Syed
Đại học Kỹ thuật và Công nghệ Sir Syed (được biết đến với tên gọi ""SSUET"") là một trường đại học nghiên cứu tư nhân nằm ở khu vực đô thị của Karachi, Sindh, Pakistan. Trường được đặt tên để vinh danh nhà cải cách và triết gia Hồi giáo nổi tiếng thế kỷ 19, Sir Syed Ahmad Khan.
Đại học Manhattan
Đại học Manhattan là một đại học tư thục, độc lập, Công giáo La Mã và nghệ thuật tự do nằm ở quận Bronx, Thành phố New York. Sau khi được thành lập vào năm 1853 bởi các anh em nhà trường Cơ đốc (anh em La Salle) như một học viện cho sinh viên đi học ban ngày, Đại học Manhattan đã chính thức được hợp nhất như một tổ chức giáo dục đại học thông qua bản hiến chương được cấp bởi Hội đồng Giám sát của bang New York. Năm 1922, trường Cao đẳng chuyển từ khu vực Manhattan đến khu Riverdale của quận Bronx cách vị trí ban đầu trên đường số 131 khoảng sáu dặm về phía Bắc trong khu vực Manhattanville thuộc quận Manhatttan. Trường Cao đẳng Manhattan cung cấp các chương trình cử nhân trong lĩnh vực nghệ thuật, kinh doanh thương mại , giáo dục , y tế , kỹ thuật và khoa học . Các chương trình sau đại học dành cho giáo dục thương mại và kỹ thuật cũng có sẵn tại đây. Tạp chí U.S News & World Report liệt kê Đại học Manchester là một trong hai mươi trường cao đẳng hàng đầu trong danh mục ""Các trường đại học vùng miền bắc"". Ngoài ra, Manchester còn đứng thứ hạng tốt nghiệp hàng năm ở mức độ tốt nghiệp trung bình cao nhất theo khảo sát trả lời điều tra từng người tham gia cuộc khảo sát từ PayScale.com . Trong cuộc khảo sát trả lại khoản đầu tư tại các trường Đại Học năm 2014-2015 của PayScale.com., Manchester xếp hạng thứ 15 trên toàn quốc",,
5ac471305542991943173998,A_likely_ok,Vai trò chính của vị trí mà Viktor Raychev đang đảm nhận tại Lokomotiv Sofia là gì?,What is the primary role of the position played by Viktor Raychev for Lokomotiv Sofia?,prevent the opposing team from scoring goals,ngăn cản đội đối thủ ghi bàn,"Trong môn bóng đá, hậu vệ là một cầu thủ ngoại biên mà vai trò chính là ngăn cản đội đối phương ghi bàn.","Viktor Raychev
Viktor Raychev (; sinh ngày 26 tháng 5 năm 1986) là một cầu thủ bóng đá người Bulgaria thi đấu ở vị trí hậu vệ cho câu lạc bộ Lokomotiv Sofia.
Hậu vệ (bóng đá)
Trong môn bóng đá, hậu vệ là một cầu thủ ngoại biên mà vai trò chính là ngăn cản đội đối phương ghi bàn.",,
5ab488bc5542990594ba9c55,A_likely_ok,Insomniac Events là một phần của sự hợp tác với một câu lạc bộ được thành lập bởi nhà đầu tư có nguồn gốc gì?,Insomniac Events is part of a partnership with a club founded by an investor of what heritage?,Iranian-American,Iran-Mỹ,"Sam Nazarian (sinh 1975) là một doanh nhân, nhà đầu tư và nhà từ thiện người Mỹ gốc Iran.","Sự kiện không ngủ
Insomniac Events, được thành lập bởi Pasquale Rotella, là một nhà tổ chức tour du lịch từ Mỹ tập trung chủ yếu vào các sự kiện âm nhạc điện tử. Nó tổ chức nhiều lễ hội âm nhạc khiêu vũ lớn, bao gồm lễ hội Electric Daisy Carnival cùng với những sự kiện khác như Beyond Wonderland, Nocturnal Wonderland và Escape From Wonderland. Trước năm 2011 nó đã đồng tổ chức lễ hội Together as One với đối thủ Go Ventures . Insomniac cũng tổ chức ""EDMBiz"" (một sự kiện trong ngành công nghiệp lần đầu tiên diễn ra vào năm 2012 trùng với EDC Las Vegas theo cách tương tự như Winter Music Conference và Ultra Music Festival). Insomniac tham gia vận hành ba câu lạc bộ đêm ở Los Angeles - Create (trong liên doanh với SBE), Exchange L.A., và câu lạc bộ ngầm Factory 93 nằm tại địa chỉ 1756 Naud Street . Insominiac còn tổ chức các sự kiện hướng tới thể loại drum and bass và dubstep dưới thương hiệu Bassrush , hardstyle dưới thương hiệu Basscon , và các lễ hội trance dưới thương hiệu Dreamstate .
Sam Nazarian
Sam Nazarian (sinh 1975) là một doanh nhân, nhà đầu tư và nhà từ thiện người Mỹ gốc Iran. Ông là Chủ tịch kiêm Tổng Giám đốc Tập đoàn Giải trí SBE.",,
5a7cb8bc554299452d57b9be,A_flexible_span,Sân vận động có sức chứa bao nhiêu chỗ ngồi là sân nhà của đội Lahore Eagles?,What is the capacity of the stadium that is the home ground of the Lahore Eagles?,"27,000",27.000,Sân vận động có sức chứa 27000 khán giả làm cho nó trở thành một trong những sân lớn nhất nước này.,"Lahore Eagles
Lahore Eagles [Urdu: لاہور ایگلز] là một đội bóng cricket tại giải đấu T20 Faysal Bank, đặt trụ sở tại Lahore, Punjab, Pakistan. Đội được thành lập vào năm 2006 và sân nhà của họ là Gaddafi Stadium.
Sân vận động Gaddafi
Sân vận động Gaddafi (tiếng Urdu: ‎ / ALA-LC: ""Qaẕẕāfī Isṭeḍiyam"" ) là một sân cricket ở Lahore, Pakistan. Nó được thiết kế bởi kiến trúc sư và kỹ sư nổi tiếng Nasreddin Murat-Khan, và xây dựng bởi Mian Abdul Khaliq and Company vào năm 1959. Sân vận động đã được cải tạo cho giải Cricket World Cup 1996 khi nó tổ chức trận chung kết. Trụ sở của Hội đồng Cricket Pakistan đặt tại sân vận động Gaddafi làm cho nó trở thành quê hương của đội tuyển quốc gia cricket Pakistan . Sân vận động có sức chứa 27000 khán giả làm cho nó trở thành một trong những sân lớn nhất nước này.",,
5a8b041955429971feec4604,A_likely_ok,Nghề nghiệp chung giữa David Breashears và Richard Bass là gì?,Which profession do David Breashears and Richard Bass have in common?,mountaineer,người leo núi,Ông được biết đến nhiều nhất với việc dẫn dắt Richard Bass lên tới đỉnh Everest để hoàn tất việc chinh phục Bảy đỉnh cao nhất (đỉnh cao nhất trên mỗi trong bảy châu lục).,"David Breashears
David Finlay Breashears (sinh ngày 20 tháng 12 năm 1955) là một nhà leo núi, nhà làm phim, tác giả và diễn giả truyền cảm hứng người Mỹ. Năm 1985, ông lên đến đỉnh Everest lần thứ hai trở thành người Mỹ đầu tiên lên đến đỉnh Everest nhiều hơn một lần. Ông được biết đến nhiều nhất với việc dẫn dắt Richard Bass lên tới đỉnh Everest để hoàn tất việc chinh phục Bảy đỉnh cao nhất (đỉnh cao nhất trên mỗi trong bảy châu lục).
Richard Bass
Richard Daniel ""Dick"" Bass (21 tháng 12 năm 1929 - 26 tháng 7 năm 2015) là một doanh nhân, chủ trang trại và nhà leo núi người Mỹ. Ông là chủ sở hữu khu nghỉ dưỡng trượt tuyết Snowbird ở Utah và là người đầu tiên chinh phục được những đỉnh núi cao nhất trên tất cả các lục địa.",,
5abac89d55429901930fa8b5,A_likely_ok,"Có bao nhiêu giải Quả Cầu Vàng mà nữ diễn viên người Anh đã nghỉ hưu, sự nghiệp của bà trải qua sáu thập niên và xuất hiện trong vở kịch hai hồi Moby Dick—Rehearsed của Orson Welles?",How many Golden Globe Awards did this English retired actress whose career has spanned over six decades and who appeared in the two-act drama Moby Dick—Rehearsed by Orson Welles?,two Golden Globe Awards,hai giải Golden Globe,Bà cũng là một trong bốn nữ diễn viên duy nhất từng đoạt hai lần cùng lúc tại lễ trao giải Quả cầu vàng.,"Moby Dick—Tập dượt
Moby Dick—Rehearsed là vở kịch hai hồi của Orson Welles. Kịch bản được trình diễn từ ngày 16 tháng Sáu đến ngày 9 tháng Bảy, 1955 tại Nhà hát Duke of York ở London trong một buổi biểu diễn do chính Welles đạo diễn. Thành phần dàn tuồng gốc gồm có Welles, Christopher Lee, Kenneth Williams, Joan Plowright, Patrick McGoohan, Gordon Jackson, Peter Sallis và Wensley Pithey. Kịch bản được Samuel French xuất bản vào năm 1965.
Joan Plowright
Joan Ann Plowright, Nữ bá tước Olivier, DBE (sinh ngày 28 tháng 10 năm 1929), thường được biết đến với tên gọi Joan Plowright, là một nữ diễn viên người Anh đã nghỉ hưu mà sự nghiệp của bà trải dài trên sáu thập niên. Bà đã giành hai giải Quả cầu vàng và một giải Tony và được đề cử cho Giải Oscar, Giải Emmy và hai giải BAFTA. Bà cũng là một trong bốn nữ diễn viên duy nhất từng đoạt hai lần cùng lúc tại lễ trao giải Quả cầu vàng.",,
5ade51515542992fa25da745,A_likely_ok,Tại sao Rudolf Hess ngừng phục vụ Hitler vào năm 1941?,Why did Rudolf Hess stop serving Hitler in 1941?,report Hess's illegal May 1941 flight to Scotland,báo cáo chuyến bay bất hợp pháp của Hess vào tháng 5 năm 1941 đến Scotland,Ông ta là người phải báo cáo chuyến bay bất hợp pháp tháng 5/1941 của Hess đến Scotland cho Hitler và những hồi tưởng cùng ghi chú của ông đã trở thành chủ đề tranh luận giữa các sử gia.,"Karlheinz Pintsch
Karlheinz Pintsch (1909 -?) là một người trợ lý cao cấp lâu năm của Rudolf Hess, Phó Lãnh đạo Đức Quốc xã dưới thời Adolf Hitler. Ông ta là người phải báo cáo chuyến bay bất hợp pháp tháng 5/1941 của Hess đến Scotland cho Hitler và những hồi tưởng cùng ghi chú của ông đã trở thành chủ đề tranh luận giữa các sử gia.
Rudolf Hess
Rudolf Walter Richard Hess (phiên âm tiếng Đức: Hɛs; 26 tháng 4 năm 1894 – 17 tháng 8 năm 1987) là một chính trị gia nổi bật của Đức Quốc xã. Ông được bổ nhiệm làm Phó lãnh tụ vào năm 1933, phục vụ cho đến năm 1941, khi ông bay đơn độc đến Scotland trong nỗ lực đàm phán hòa bình với Vương quốc Anh trong Thế chiến II. Ông bị bắt và sau đó bị kết án tội phạm ác với hòa bình, chịu án tù chung thân cho đến khi tự sát.",,
5abec2ca5542997719eab5b9,A_likely_ok,"Kênh đào nào được vận hành trước, kênh đào Carondelet hay kênh đào Miami và Erie?","Which canal began operating first, the Carondelet Canal or the Miami and Erie Canal?",Carondelet Canal,Hãng kênh Carondelet,Kênh đào Carondelet,"Kênh đào Carondelet
Kênh đào Carondelet, còn được biết đến với tên gọi Kênh Đào Old Basin, là một kênh đào ở New Orleans, Louisiana, Hoa Kỳ. Nó hoạt động từ năm 1794 cho đến những năm 1920 - gần 135 năm. Kênh này không còn khả năng thông thuyền vào năm 1927 và bị lấp lại hoàn toàn vào năm 1938.
Kênh đào Miami và Erie
Kênh đào Miami và Erie là một kênh đào ở Ohio chạy khoảng 274 dặm; nó được xây dựng từ Cincinnati đến Toledo để tạo ra một tuyến đường thủy từ sông Ohio đến hồ Erie. Xây dựng trên kênh bắt đầu vào năm 1825 và hoàn thành vào năm 1845 với chi phí cho chính phủ bang là $ 8,062,680.07. Ở đỉnh điểm của nó, nó bao gồm 19 cầu cống, ba cửa giữ khóa, 103 cửa khóa kênh đào, nhiều kênh phụ cấp nước và một vài khu vực chứa nước nhân tạo . Kênh đào leo lên cao hơn Hồ Erie là 395 feet (ft) và cao hơn Sông Ohio là  513 ft để đạt tới đỉnh địa hình gọi là Loramie Summit , kéo dài  19 dặm giữa New Bremen , Ohio đến khoá số I-S tại Lockington phía bắc Piqua , Ohio . Những chiếc thuyền dài đến  80 feet được kéo dọc theo con kênh bởi những con lừa ngựa hoặc bò đi bộ trên đường mòn kéo chuẩn bị dọc theo bờ sông với tốc độ bốn - năm dặm mỗi giờ",,
5ae34b275542992e3233c371,A_likely_ok,Giải thưởng nào David Hersey đã nhận được cho vở kịch Equus của Peter Shaffer?,Which award David Hersey had got for Equus a play by Peter Shaffer ?,Outstanding Lighting Design,Thiết kế chiếu sáng xuất sắc,"David Hersey (sinh ngày 30 tháng 11 năm 1939) là một nhà thiết kế ánh sáng đã thiết kế ánh sáng cho hơn 250 vở kịch, nhạc kịch, opera và ballet.","David Hersey
David Hersey (sinh ngày 30 tháng 11 năm 1939) là một nhà thiết kế ánh sáng đã thiết kế ánh sáng cho hơn 250 vở kịch, nhạc kịch, opera và ballet. Tác phẩm của ông được trưng bày ở hầu hết các góc trên thế giới và giải thưởng của ông bao gồm Giải Tony cho Thiết Kế Ánh Sáng Xuất Sắc nhất cho ""Evita"", ""Cats"" và ""Les Misérables"", Giải Drama Desk cho Thiết Kế Ánh Sáng Xuất Sắc Nhất trong ""Cats"", ""Miss Saigon"" và ""Equus"", cũng như Giải Thưởng Laurence Olivier năm 1996 về Thiết Kế Ánh Sáng.
Equus (vở kịch)
Equus là vở kịch của Peter Shaffer viết năm 1973, kể về câu chuyện của một bác sĩ tâm thần cố gắng chữa trị cho một chàng trai có sự ám ảnh tôn giáo bệnh lý với ngựa.",,
5ae6d3345542996d980e7c85,A_likely_ok,Công ty nào hiện tại công nhận những kỷ lục chạy nước rút do Leni Junker và Florence Griffith-Joyner thiết lập?,What is the company that currently recognizes the sprinting records set by Leni Junker and Florence Griffith-Joyner?,International Association of Athletics Federations,Hiệp hội quốc tế của Liên đoàn thể thao,FSFI bị giải thể và hợp nhất với Liên đoàn Thể thao Quốc tế (IAAF) vào năm 1936.,"Leni Junker
Helene ""Leni"" Junker (sau này là Thymm; 8 tháng 12 năm 1905 – ngày 9 tháng 2 năm 1997) là một vận động viên chạy nước rút người Đức thi đấu tại Thế vận hội Mùa hè năm 1928. Cô đã giành được huy chương đồng trong cuộc thi tiếp sức chạy nước rút nữ, nhưng không thể vào vòng chung kết của giải chạy cá nhân trên đường đua dài khoảng cách tương tự. Trước đó vào năm 1925 cô đã lập kỷ lục thế giới mới ở nội dung đường đua dài khoảng cách tương tự với thời gian chỉ mất có hơn nửa tiếng giây
Sự tiến bộ của kỷ lục thế giới 100m nữ
Kỷ lục thế giới đầu tiên trong 100m chạy nước rút dành cho nữ được công nhận bởi Fédération Sportive Féminine Internationale (FSFI) vào năm 1922. FSFI bị giải thể và hợp nhất với Liên đoàn Thể thao Quốc tế (IAAF) vào năm 1936. Kỷ lục hiện tại là 10,49 giây do Florence Griffith-Joyner lập vào năm 1988.",,
5a8f7a135542992414482adc,A_likely_ok,"Về mặt vị trí địa lý, thành phố mà quốc vương là cha của Ocnus nằm ở đâu so với Rome?","In relation to Rome, where was the city whose king was the father of Ocnus?  ",12 mi southeast of Rome,12 mi về phía đông nam của Rome,"Alba Longa (đôi khi được viết là Albalonga trong các nguồn tài liệu tiếng Ý) là một thành phố cổ ở vùng Latium tại miền trung nước Ý, cách Rome 12 dặm về phía đông nam, nằm trên dãy núi Alban.","Ocnus
Trong thần thoại Hy Lạp và La Mã, Ocnus hoặc Bianor là một con trai của Manto và Tiberinus, vua của Alba Longa. Ông đã thành lập Mantua hiện đại để vinh danh mẹ mình. Hoặc ông là con trai hay anh em của Auletes và thành lập Felsina (bộ Bologna hiện đại), Perusia hay Cesena.
Alba Longa
Alba Longa (đôi khi được viết là Albalonga trong các nguồn tài liệu tiếng Ý) là một thành phố cổ ở vùng Latium tại miền trung nước Ý, cách Rome 12 dặm về phía đông nam, nằm trên dãy núi Alban. Là người sáng lập và lãnh đạo Liên minh Latinh, nó bị phá hủy bởi La Mã vào khoảng giữa thế kỷ thứ 7 trước Công nguyên. Theo truyền thuyết, Romulus và Remus - những nhà sáng lập ra Roma - đã xuất thân từ vương triều Alba Longa thuộc dòng máu của Aeneas con trai thần Aphrodite theo tác phẩm sử thi Aeneid của Virgil.",,
5a8bc29a5542995d1e6f1446,A_likely_ok,"Khi nào thì bài hát ""Quiet in Heaven/Song of Liberty"" được thu âm?",when was Quiet in Heaven/Song of Liberty recorded?,Before settling on their current name in 1982,Trước khi định danh tên hiện tại của họ vào năm 1982,"Trước khi chọn tên hiện tại vào năm 1982, ban nhạc từng biểu diễn với các tên gọi Sharp Young Men và sau đó là Faith No Man.","Yên Lặng Trên Thiên Đàng/Bài Hát Tự Do
Quiet in Heaven/Song of Liberty là đĩa đơn song ca mặt A, và là bản phát hành chính thức duy nhất của Faith No Man (được viết hoa chữ• giữa các từ) trước khi phần lớn thành viên rời nhóm để lập nên ban nhạc Faith No More. Hai bài hát chưa từng xuất hiện trong bất kỳ album tổng hợp nào của ban nhạc và cũng không được trình diễn trực tiếp kể từ khi Mike Morris rời đi.
Faith No More
Faith No More (đôi khi được viết tắt là FNM) là một ban nhạc rock của Mỹ từ San Francisco, California, thành lập năm 1979. Trước khi chọn tên hiện tại vào năm 1982, ban nhạc từng biểu diễn với các tên gọi Sharp Young Men và sau đó là Faith No Man. Billy Gould chơi bass và Mike Bordin chơi trống là những thành viên gắn bó lâu nhất với Faith No More kể từ khi thành lập ban nhạc. Ban nhạc đã trải qua nhiều thay đổi về đội hình trong giai đoạn đầu sự nghiệp cùng với một vài thay đổi lớn sau này. Đội hình hiện tại của Faith No More bao gồm Gould, Bordin, Roddy Bottum chơi keyboard , Jon Hudson chơi guitar và Mike Patton hát chính.",,
5ae212c9554299495565d9de,A_likely_ok,"Cuộc nổi dậy nào mà Ngài John Wedderburn và Charles Edward Stuart đã tham gia chiến đấu, kết thúc với thất bại tại trận Culloden?",Which rebellion did Sir John Wedderburn and Charles Edward Stuart fight for that ended with defeat at the Battle of Culloden?,the unsuccessful Jacobite uprising of 1745,Cuộc nổi dậy Jacobite thất bại năm 1745,"Charles có lẽ được biết đến nhiều nhất như một kẻ kích động cuộc nổi dậy Jacobite không thành công vào năm 1745 , trong đó ông dẫn đầu một cuộc nổi dậy để khôi phục lại gia đình mình lên ngôi báu nước Anh.","Sir John Wedderburn, 5th Baronet of Blackness
Sir John Wedderburn, 5th Baronet of Blackness là một quý ông Perthshire đã tham gia cuộc nổi dậy năm 1745 của Charles Edward Stuart và bị bắt tại trận Culloden. Sau đó anh ta bị kết tội phản quốc, bị treo cổ, tài sản của anh ta được chuyển cho Hoàng gia và con cái anh ta bị tước quyền thừa kế.
Charles Edward Stuart
Charles Edward Louis John Casimir Sylvester Severino Maria Stuart (31 tháng 12 năm 1720 - ngày 31 tháng 1 năm 1788), thường được biết đến ở Anh trong thời đại của ông là The Young Pretender và The Young Chevalier, và thường được gọi là Bonnie Prince Charlie trong các hồi tưởng, là người yêu sách thứ hai về ngai vàng của nước Anh, Scotland, Pháp và Ireland (như Charles III) sau khi cha ông mất vào năm 1766. Yêu sách này dựa trên địa vị của ông với tư cách là con trai cả của James Francis Edward Stuart , chính mình là con trai của James VII và II. Charles có lẽ được biết đến nhiều nhất như một kẻ kích động cuộc nổi dậy Jacobite không thành công vào năm 1745 , trong đó ông dẫn đầu một cuộc nổi dậy để khôi phục lại gia đình mình lên ngôi báu nước Anh. Cuộc nổi dậy kết thúc bằng thất bại tại trận Culloden, chấm dứt hoàn toàn phong trào Jacobite . Những người Jacobite ủng hộ quyền yêu sách cho nhà vua vì họ hy vọng sẽ có sự khoan dung tôn giáo đối với những tín đồ Công giáo La Mã cũng như bởi họ tin vào quyền thiên định cho quân vương . Việc Charles trốn khỏi Scotland sau cuộc khởi nghĩa đã khiến ông trở thành nhân vật lãng mạn đầy bi kịch trong những lần xuất hiện sau này. Năm 1759, ông tham gia một kế hoạch xâm lược nước Anh do Pháp tiến hành nhưng bị bỏ rơi sau chiến thắng hải quân giành cho phía Anh.",,
5a8303c255429954d2e2ec01,A_likely_ok,Chiếc Plymouth fury sản xuất từ 1955 đến 1989 được thay thế bằng gì cho các ứng dụng cảnh sát và hạm đội?,The Plymouth fury produced from 1955 to 1989  was replaced by what for police and fleet applications?,Chrysler K platform,Chrysler K nền tảng,Nền tảng Chrysler F,"Nền tảng Chrysler F
Nền tảng F dẫn động bánh sau của Chrysler được sử dụng từ năm 1976 đến năm 1980. Nó được thay thế bằng nền tảng M gần giống hệt nhau của Chrysler. Có hai chiều dài cơ sở: 108,7 in cho các mẫu cửa đôi và 112,7 in cho bốn cửa. Khi thị trường phát triển, chúng sẽ được tiếp thị là cỡ trung bình và cuối cùng là tên thương hiệu cỡ lớn như Plymouth Fury dành cho cảnh sát và ứng dụng đội ngũ. Chúng đã bị thay thế bởi nền tảng K thành công rất nhiều của Chrysler ở kích thước tiêu chuẩn và kéo dài vẫn giữ hai băng ghế ngồi, cần gạt cột và chỗ cho sáu người khác với nhiều chiếc xe cỡ nhỏ khác dựa trên thiết kế không phải người Mỹ.
Plymouth Fury
The Plymouth Fury là một mẫu ô tô được sản xuất bởi nhà sản xuất ô tô Mỹ, Chrysler tại nhà máy của họ ở Belvidere, Illinois.",,
5ab841d15542990e739ec89d,A_likely_ok,"Clifford Odets được xem là người kế tục một giải Nobel, ông ấy được biết đến với cái tên gì?",Clifford Odets was seen as a successor to a Nobel Prize winner known as what?,American playwright and Nobel laureate in Literature,Nhà viết kịch người Mỹ và đoạt giải Nobel Văn học,Ông bắt đầu bị lu mờ bởi những nhà viết kịch như Miller hay Tennessee Williams và William Inge vào thập niên thứ hai của họ trong thời gian đó,"Clifford Odets
Clifford Odets (18 tháng 7 năm 1906 – 14 tháng 8 năm 1963) là một nhà viết kịch, biên kịch và đạo diễn người Mỹ. Odets được xem là người kế nhiệm của nhà viết kịch đoạt giải Nobel Eugene O'Neill khi O'Neill bắt đầu nghỉ hưu khỏi sân khấu Broadway vì áp lực thương mại và sự phản đối ngày càng tăng trong những năm giữa thập niên ba mươi. Từ đầu năm 1935 trở đi, các vở kịch có tính xã hội cao của Odets đã gây ảnh hưởng cực kỳ mạnh mẽ, đặc biệt cho phần còn lại của cuộc Đại khủng hoảng kinh tế. Các tác phẩm của ông đã truyền cảm hứng cho nhiều thế hệ sau này gồm Arthur Miller, Paddy Chayefsky, Neil Simon, David Mamet và Jon Robin Baitz. Sau khi sản xuất vở ""Clash by Night"" vào mùa biểu diễn từ năm 1942 đến năm 1943 , Odets tập trung năng lượng vào các dự án phim ảnh ở Hollywood trong bảy năm tiếp theo. Ông bắt đầu bị lu mờ bởi những nhà viết kịch như Miller hay Tennessee Williams và William Inge vào thập niên thứ hai của họ trong thời gian đó
Eugene O'Neill
Eugene Gladstone O'Neill (16 tháng 10 năm 1888 – ngày 27 tháng 11 năm 1953) là một nhà soạn kịch người Mỹ và đoạt giải Nobel Văn học. Các vở kịch mang tên thơ mộng của ông là những tác phẩm đầu tiên giới thiệu vào sân khấu Mỹ các kỹ thuật chủ nghĩa hiện thực trước kia gắn liền với nhà soạn kịch Nga Anton Chekhov, nhà soạn kịch Na Uy Henrik Ibsen và nhà soạn kịch Thụy Điển August Strindberg. Kịch bản ""Long Day's Journey into Night"" thường được xếp vào danh sách ngắn những vở diễn xuất sắc nhất trong thế kỷ XX cùng với ""A Streetcar Named Desire"" của Tennessee Williams và ""Death of a Salesman"" của Arthur Miller.",,
5abb729b5542993f40c73af4,A_likely_ok,Trên đoạn đường nào của Đường 56 Hoa Kỳ bạn có thể nghe đài KCTV?,On what part of U.S Route 56 can you listen to the KCTV?,The highway's eastern terminus,Điểm cuối phía đông của đường cao tốc,Quốc lộ 56 Hoa Kỳ,"KCTV
KCTV, kênh ảo 5 (kênh kỹ thuật số UHF 24), là đài truyền hình liên kết với CBS được cấp phép cho Kansas City, Missouri và cũng phục vụ cho Kansas City, Kansas. Nhà đài thuộc sở hữu của Meredith Local Media - một chi nhánh của tập đoàn Meredith Corporation; cùng với MyNetworkTV liên kết KSMO-TV (kênh 62). Hai nhà đài này có chung cơ sở phòng thu đặt trên đường Shawnee Mission Parkway (U.S. 56/U.S. 169) ở Fairway, Kansas; KCTV duy trì các cơ sở phát sóng tại đường East 31st Street ở khu vực Union Hill của thành phố Kansas City, Missouri (gần trụ sở đài PBS thành viên KCPT - kênh 19). Trên hệ thống cáp, KCTV có mặt trên các kênh Charter Spectrum, Comcast Xfinity và Consolidated Communications số 3; Google Fiber và AT&T U-verse số 5. Có một nguồn phát định nghĩa cao được cung cấp trên các kênh Charter Spectrum số kỹ thuật số 1209; Xfinity số kỹ thuật số
Quốc lộ 56 Hoa Kỳ
Quốc lộ 56 Hoa Kỳ (US 56) là một con đường đông-tây của Hoa Kỳ chạy dọc theo 640 mi ở vùng Trung Tây Hoa Kỳ. Điểm cuối phía Đông của nó nằm trên Quốc lộ 71 tại Kansas City, Missouri. Điểm cuối phía Tây nằm trên Xa lộ Liên tiểu bang 25 tại Springer, New Mexico. Phần lớn nó đi theo Đường mòn Santa Fe",,
5a8c62f5554299585d9e367b,A_likely_ok,Tên gọi khác của vị vua mà triều đại đầu tiên được ghi chép trong cuốn sách niên giám là gì?,By what other names was the king known whose reign was the first included in the Year Books? ,Edward Longshanks and the Hammer of the Scots,Edward Longshanks và búa của người Scotland,"Edward I (17/18 tháng 6 năm 1239 – ngày 7 tháng 7 năm 1307), còn được biết đến với tên gọi Edward Longshanks và cái búa của người Scotland (""Malleus Scotorum""), là một vị vua trị vì nước Anh từ năm 1272 cho đến khi ông mất vào năm 1307.","Sách năm
The Year Books là tên gọi tiếng Anh hiện đại được dùng phổ biến để chỉ những bản báo cáo luật pháp sớm nhất của nước Anh. Có một số lượng lớn các bản thảo lưu hành trong thời kỳ Trung cổ muộn, chứa đựng những thông tin về vụ kiện đã xét xử trước Tòa án Thường trực. Trong thế kỷ thứ mười sáu, các phiên bản này xuất hiện dưới dạng sách in. Những ấn phẩm này tạo nên tiền lệ pháp lý ban đầu của luật thường thông dụng. Chúng tồn tại với một chuỗi liên tục từ 1268 đến 1535, trải qua triều đại của Vua Edward I và Henry VIII. Ngôn ngữ trong các bản thảo và phiên bản gốc là tiếng Latinh hoặc Pháp Luật Pháp (Law French).
Edward I của Anh
Edward I (17/18 tháng 6 năm 1239 – ngày 7 tháng 7 năm 1307), còn được biết đến với tên gọi Edward Longshanks và cái búa của người Scotland (""Malleus Scotorum""), là một vị vua trị vì nước Anh từ năm 1272 cho đến khi ông mất vào năm 1307. Trong thời gian làm vua, ông đã dành phần lớn thời gian để cải cách chính quyền hoàng gia cùng luật thông dụng. Thông qua một cuộc điều tra pháp lý rộng rãi, Edward đã nghiên cứu về các vấn đề liên quan tới quyền tự do phong kiến trong khi đó luật pháp lại được cải cách thông qua những bộ luật định hình nên luật hình sự và tài sản. Tuy nhiên, ngày càng có nhiều hơn sự chú ý của Edward bị thu hút bởi quân sự.",,
5adc393f5542996e685252e7,A_flexible_span,Nghề nghiệp của Maher Sabry và Til Schweiger là gì?,What occupations are shared by Maher Sabry and Til Schweiger?,"director, and producer","đạo diễn, và nhà sản xuất","Anh điều hành công ty sản xuất phim riêng của mình, Barefoot Films tại Berlin.","Maher Sabry
Maher Sabry (tiếng Ả Rập ماهر صبري, sinh ngày 11 tháng 4 năm 1967) là một đạo diễn sân khấu, tác giả kịch bản nhà làm phim, nhà sản xuất và biên kịch người Ai Cập.
Til Schweiger
Tilman Valentin ""Til"" Schweiger (sinh ngày 19 tháng 12 năm 1963) là một diễn viên, đạo diễn và nhà sản xuất phim người Đức. Anh điều hành công ty sản xuất phim riêng của mình, Barefoot Films tại Berlin.",,
5abf1a6b5542997ec76fd3c1,A_likely_ok,Bảng chữ cái này bắt nguồn từ bảng chữ cái nào mà tên của câu lạc bộ Ilysiakos B.C. có ký tự đầu tiên?,From which alphabet was this alphabet derived that the name of the club Ilysiakos B.C. has the starting letter of?,Phoenician alphabet,Biểu chữ Phoenician,"Nó bắt nguồn từ bảng chữ cái Phoenician trước đó, và là bảng chữ cái có các ký tự riêng biệt cho nguyên âm cũng như phụ âm đầu tiên trên thế giới.","Ilysiakos B.C.
Ilysiakos B.C. (tiếng Hy Lạp: Ηλυσιακός Κ.Α.Ε.) là một đội bóng rổ chuyên nghiệp của Hy Lạp có trụ sở tại khu Ilisia ở Zografou, Athens, Hy Lạp. Tên của câu lạc bộ được cho là bắt nguồn từ Elysium, đó cũng lý do vì sao tên gọi và biểu tượng của câu lạc bộ bắt đầu bằng chữ cái H trong bảng chữ cái tiếng Hy Lạp thay vì I mặc dù tên gọi Ilissia mà câu lạc bộ đặt trụ sở bắt đầu bằng I trong tiếng Hy Lạp . Tuy nhiên khi dịch sang bảng chữ cái La Mã thì cả hai đều trở thành cùng một ký tự ""I"".
Bảng chữ cái Hy Lạp
Bảng chữ cái Hy Lạp đã được sử dụng để viết tiếng Hy Lạp kể từ cuối thế kỷ 9 TCN hoặc đầu thế kỷ 8 TCN. Nó bắt nguồn từ bảng chữ cái Phoenician trước đó, và là bảng chữ cái có các ký tự riêng biệt cho nguyên âm cũng như phụ âm đầu tiên trên thế giới. Nó là tổ tiên của bảng chữ cái Latinh và Cyrillic. Ngoài việc dùng để viết tiếng Hy Lạp, trong cả hình thức cổ đại lẫn hiện đại, bảng chữ cái Hy Lạp ngày nay còn phục vụ như một nguồn biểu tượng kỹ thuật và nhãn hiệu trong nhiều lĩnh vực toán học, khoa học và những lĩnh vực khác.",,
5ab925c755429919ba4e23d6,A_likely_ok,J. Searle Dawley và Ken Annakin đều là đạo diễn của gì?,J. Searle Dawley and Ken Annakin were both directors of what?,"Kenneth Cooper ""Ken"" Annakin, OBE (10 August 1914 – 22 April 2009) was a prolific English film director.","Kenneth Cooper ""Ken"" Annakin, OBE (10 tháng 8 năm 1914 - 22 tháng 4 năm 2009) là một đạo diễn phim Anh có năng suất","Kenneth Cooper ""Ken"" Annakin, OBE (10 tháng 8 năm 1914 – ngày 22 tháng 4 năm 2009) là một đạo diễn phim người Anh.","J. Searle Dawley
James Searle Dawley (13 tháng 5 năm 1877 – ngày 30 tháng 3 năm 1949) là một đạo diễn và biên kịch người Mỹ. Ông đã chỉ đạo sản xuất phim từ năm 1907 đến năm 1926. Ông sinh ra ở Del Norte, Colorado và qua đời tại Hollywood, California.
Ken Annakin
Kenneth Cooper ""Ken"" Annakin, OBE (10 tháng 8 năm 1914 – ngày 22 tháng 4 năm 2009) là một đạo diễn phim người Anh.",,
5a83ed9b55429933447460b8,A_likely_ok,Cistus và Stapelianthus là dạng hình thái của cái gì?,Cistus and Stapelianthus are both forms of what?,flowering plants,cây hoa,Stapelianthus,"Cỏ nhạn
Cistus (từ tiếng Hy Lạp ""kistos"") là một chi thực vật có hoa trong họ Cistaceae, bao gồm khoảng 20 loài (Ellul ""et al."" 2002). Chúng là những cây bụi lâu năm được tìm thấy trên đất khô hoặc đá khắp khu vực Địa Trung Hải, từ Ma Rốc và Bồ Đào Nha đến Trung Đông, cũng như trên quần đảo Canary.
Stapelianthus
Stapelia là một chi thực vật có hoa trong họ Apocynaceae, được mô tả lần đầu tiên với tư cách là một chi vào năm 1933. Toàn bộ chi này đặc hữu ở Madagascar và tập trung ở phía nam xa của hòn đảo.",,
5a8d51355542994ba4e3dc6b,A_flexible_span,Chó mà Socks đã cãi nhau màu gì?,What color was the dog that Socks had conflicts with?,chocolate-colored,màu sô cô la,"Buddy (7 tháng 8, 1997 – ngày 2 tháng 1 năm 2002), một con chó Labrador Retriever màu sô-cô-la đực, là một trong hai thú cưng của gia đình Clinton khi Bill Clinton làm Tổng thống Hoa Kỳ.","Mặt nạ mèo
Socks Clinton (1989 – 20 tháng 2 năm 2009) là con mèo cưng của gia đình tổng thống Mỹ Bill Clinton trong thời gian ông làm Tổng thống. Khi còn lạc lang, nó là thú nuôi duy nhất của vợ chồng ông bà Clinton trong những năm đầu tiên tại Nhà Trắng, và hình ảnh của nó xuất hiện trên phiên bản dành cho trẻ em của trang web nhà trắng. Sau khi rời khỏi Tòa Bạch Ốc, Socks sống với thư ký cũ Betty Currie cùng chồng vì xung đột liên tục với chú chó Buddy khác.
Buddy (chú chó)
Buddy (7 tháng 8, 1997 – ngày 2 tháng 1 năm 2002), một con chó Labrador Retriever màu sô-cô-la đực, là một trong hai thú cưng của gia đình Clinton khi Bill Clinton làm Tổng thống Hoa Kỳ.",,
5abec9b25542997ec76fd366,A_likely_ok,Thành phố nào là thủ đô của Vương quốc Ostrogoth và nơi sinh ra Ornella Fiorentini?,What city was the capital of the Ostrogothic Kingdom and the birth place of Ornella Fiorentini?,"Ravenna (] , also locally ] ; Romagnol: ""Ravèna"" ) is the capital city of the Province of Ravenna","Ravenna (, cũng địa phương) là thủ đô của tỉnh Ravenna.","Ravenna [1] (tiếng địa phương: Ravèna) là thành phố thủ phủ của tỉnh Ravenna, vùng Emilia-Romagna tại miền bắc nước Ý.","Ornella Fiorentini
Ornella Fiorentini là một nhà thơ và nhà văn người Ý sinh ra ở Ravenna, Italy, sống và làm việc tại đây.
Ravenna
Ravenna [1] (tiếng địa phương: Ravèna) là thành phố thủ phủ của tỉnh Ravenna, vùng Emilia-Romagna tại miền bắc nước Ý. Đây từng là kinh đô của Đế quốc La Mã Tây từ năm 402 cho đến khi đế chế này sụp đổ vào năm 476. Sau đó, đây trở thành kinh đô của vương quốc Ostrogothic cho đến khi bị Đông La Mã (Byzantine) chinh phục lại vào năm 540. Sau này, thành phố trở thành trung tâm quyền lực của Tổng trấn Byzantine tại Ravenna cho tới khi người Lombard xâm lược và chiếm đóng vùng đất này vào năm 751; sau đó nó được đổi tên làm thủ phủ mới của Vương quốc Lombard.",,
5add15d15542994ed6169c70,A_likely_ok,Các hội nghị xã hội chủ nghĩa được tổ chức với những nước nào đã chống lại khối trung tâm trong Chiến tranh thế giới thứ nhất?,Socialist conferences were held with what countries that opposed the Central Powers in the First World War?,The Allies of World War I,Các đồng minh trong Thế chiến I,Đồng minh trong Thế chiến thứ nhất,"Hội nghị xã hội chủ nghĩa Liên minh trong Thế chiến thứ nhất
Trong thời gian Chiến tranh Thế giới lần thứ nhất có một số hội nghị của các đảng xã hội chủ nghĩa của Entente hoặc các cường quốc đồng minh.
Đồng minh trong Thế chiến thứ nhất
Đồng minh trong Chiến tranh thế giới thứ nhất, hay còn gọi là Liên minh Entente, bao gồm các quốc gia chống đối lại Khối trung tâm trong Thế chiến thứ nhất.",,
5a74f5155542993748c89750,A_likely_ok,Trong hai mỏ Kemess và Colomac thì mỏ nào được khai thác bởi Royal Oak Mines trước?,"What mine was operated by Royal Oak Mines at at earlier date, Kemess Mine or Colomac Mine?",The Colomac Mine,Quặng Colomac,Mỏ Colomac,"Kemess Mine
Kemess Mine là một mỏ khai thác đồng và vàng nằm ở phía đông bắc chân núi Thutade, trên thượng nguồn sông Finlay, tại dãy núi Omineca thuộc vùng Bắc Nội địa của British Columbia, Canada. Nó được vận hành bởi Royal Oak Mines từ 1998 đến 1999 khi nó bị Northgate Minerals mua lại. Northgate đã điều hành mỏ này cho đến khi đóng cửa vào năm 2011; cùng năm đó Northgate bị AuRico Gold tiếp quản. Năm 2014 AuRico Gold tách ra khỏi phần sở hữu Kemess Mine tạo thành một công ty mới có tên gọi là AuRico Metals. Hiện nay AuRico Metals đang tích cực xin giấy phép cho một mỏ đào lộ thiên khác.
Mỏ Colomac
Colomac Mine là một mỏ khai thác vàng công khai tư nhân nằm cách Yellowknife 220 km về phía Tây Bắc tại lãnh thổ Tây Bắc của Canada. Mỏ Colomac hoạt động từ năm 1990 đến năm 1992, và từ năm 1994 đến năm 1997. Nó được điều hành bởi Neptune Resources Limited mà không thành công trong việc kiếm lợi nhuận trong thời gian vận hành. Năm 1984, mỏ đã mở cửa trở lại dưới sự quản lý của Royal Oak Mines Inc., cả hai Neptune Resources và Royal Oak Mines đều thuộc sở hữu và điều hành bởi Peggy Witte. Do giá vàng thấp và chi phí khai thác cao, Royal Oak Mines bị buộc phải phá sản. Chính phủ Liên bang Canada đã trở thành chủ sở hữu của mỏ cùng với các vấn đề môi trường liên quan. Một nỗ lực làm sạch lớn đang được thực hiện để ngăn ngừa ô nhiễm môi trường do mỏ gây ra nhưng có thể quá muộn ở giai đoạn này .Mỏ này hiện nay thuộc sở hữu và kiểm soát của Bộ Công vụ Công cộng & Dịch vụ Chính phủ Liên bang",,
5a90629855429916514e749e,A_likely_ok,Một rủi ro đối với dự trữ tài chính của Na Uy là gì?,What is one risk to Norway's financial reserve?,terrorist activity,hoạt động khủng bố,Forsvarets Spesialkommando,"Forsvarets Spesialkommando
Forsvarets Spesialkommando (FSK) là một đơn vị đặc nhiệm thuộc lực lượng đặc biệt của quân đội Na Uy. Đơn vị được thành lập vào năm 1982 do mức độ đe dọa ngày càng tăng đối với các lợi ích của Na Uy, bao gồm cả các giàn khoan dầu ở biển Bắc.
Kinh tế của Na Uy
Nền kinh tế của Na Uy là một nền kinh tế hỗn hợp phát triển với quyền sở hữu nhà nước trong các lĩnh vực chiến lược. Mặc dù nhạy cảm với chu kỳ kinh doanh toàn cầu, nền kinh tế của Na Uy đã cho thấy mức tăng trưởng mạnh mẽ kể từ khi bắt đầu thời kỳ công nghiệp. Quốc gia này có mức sống rất cao so với các nước châu Âu khác, và một hệ thống phúc lợi được tích hợp mạnh mẽ. Nền sản xuất hiện đại và hệ thống phúc lợi của Na Uy dựa trên nguồn dự trữ tài chính do khai thác tài nguyên thiên nhiên đặc biệt là dầu mỏ Biển Bắc",,
5a72a9ab5542992359bc315a,A_likely_ok,Bộ tộc Bắc Mỹ nào cư trú dọc theo bờ sông Winnipesaukee và còn được biết đến với tên gọi Pawtucket?,Which North American tribe inhabited the banks of the Winnipesaukee River and were also known as the Pawtucket people?,the Pennacook people,người Pennacook,"Pennacook, còn được biết đến với tên gọi Penacook và Pennacock, là những người Bắc Mỹ thuộc Liên minh Wabanaki cư trú tại lưu vực sông Merrimack ở New Hampshire và Massachusetts ngày nay cũng như một phần của miền Nam Maine.","Khu khảo cổ Lochmere
Khu khảo cổ Lochmere là một khu vực khảo cổ rộng lớn trên bờ sông Winnipesaukee ở quận Belknap, New Hampshire, gần làng Lochmere. Khu vực này, phần nào được bảo tồn bởi nhà nước như Brennick Lochmere Khảo Cổ Địa Điểm và là một địa điểm đa thành phần với bằng chứng của sự cư trú con người từ thời kỳ Trung Cổ qua đến thời kỳ Hậu Gỗ. Trang trại đã bị chiếm đóng trong thời gian lịch sử bởi bộ tộc Winnipesaukee của dân tộc Pennacook và nằm gần Aquadoctan (còn gọi là The Weirs), một trong những thị trấn bản địa lớn nhất tại New Hampshire tiền sử.
Pennacook
Pennacook, còn được biết đến với tên gọi Penacook và Pennacock, là những người Bắc Mỹ thuộc Liên minh Wabanaki cư trú tại lưu vực sông Merrimack ở New Hampshire và Massachusetts ngày nay cũng như một phần của miền Nam Maine. Họ đôi khi còn được gọi là người Pawtucket hay người Merrimack.",,
5a834ed95542990548d0b1ca,A_likely_ok,"Tháp nào cao hơn, 712 Fifth Avenue hay Manhattan Life Insurance Building?","Which tower is taller, 712 Fifth Avenue or Manhattan Life Insurance Building?",712 5th Avenue,712 Đại lộ 5,712 Fifth Avenue,"712 Fifth Avenue
712 Fifth Avenue là một tòa nhà chọc trời 650 ft tại phố 56 và Đại lộ thứ Năm ở khu vực Midtown của Manhattan, New York. Nó được xây dựng từ năm 1990 đến năm 1991 và là tòa nhà cao thứ 53 tại thành phố New York. Thiết kế của tòa tháp phải phù hợp với các mặt tiền kiến trúc mang tính di tích lịch sử của Coty và Rizzoli Building ở tầng trệt của toà tháp. Nó đã được mua bởi Bannister Trust vào năm 2007 trong một ""hợp đồng riêng tư"", và được đặt trong ""Quỹ bất động sản #1"" do JP Morgan quản lý. Tòa nhà đôi khi còn được gọi là Henri Bendel building.
Tòa nhà bảo hiểm Manhattan
Tòa nhà bảo hiểm Manhattan là một tòa tháp 348 ft tại 64-66 Broadway ở thành phố New York hoàn thành năm 1894 theo thiết kế của các kiến trúc sư Kimball & Thompson và được mở rộng ra phía bắc vào năm 1904 khiến địa chỉ mới của nó trở thành 64-70 Broadway. Đây là tòa nhà chọc trời đầu tiên vượt qua mốc chiều cao 100 m ở Manhattan.",,
5add63845542992ae4cec541,A_flexible_span,Ngày phát hành và giá của Mac OS X có phần mềm tạo WWF là gì?,What was the release date and price for the release of Mac OS X that has the software for creating WWF files?,"April 29, 2005 for US$129.95","Ngày 29 tháng 4 năm 2005 với giá 129,95 USD","Tiger được phát hành ra công chúng vào ngày 29 tháng 4 năm 2005 với giá $129,95 USD, kế nhiệm phiên bản trước đó là Mac OS X 10.3 Panther.","Tập tin WWF
WWF là một biến thể của định dạng PDF mở cho việc trao đổi tài liệu được ủng hộ bởi World Wide Fund for Nature (cũng viết tắt là WWF) Đức. Định dạng WWF được quảng bá như có thân thiện với môi trường hơn các định dạng trao đổi tài liệu tương tự khác (ví dụ: PDF hay DOC) vì các tài liệu ở định dạng này được thiết kế để khó in ra giấy hơn. Động cơ đằng sau việc sử dụng định dạng này nhằm ngăn ngừa việc in không cần thiết các tài liệu. Trang web tuyên bố rằng phần mềm đọc tập tin sẽ có thể đọc hầu hết những chương trình nào đó có thể mở tập tin PDF thông thường. Hiện nay, phần mềm tạo tập tin WWF đã sẵn sàng cho Mac OS X 10.4 và Windows XP trở lên cũng như Linux và Windows XP trở lên .
Mac OS X Tiger
Mac OS X 10.4 Tiger là phiên bản chính thứ năm của Mac OS X (nay được gọi là macOS), hệ điều hành máy tính để bàn và máy chủ của Apple dành cho các dòng máy Mac. Tiger được phát hành ra công chúng vào ngày 29 tháng 4 năm 2005 với giá $129,95 USD, kế nhiệm phiên bản trước đó là Mac OS X 10.3 Panther. Một số tính năng mới bao gồm một hệ thống tìm kiếm nhanh có tên Spotlight, một phiên bản mới của trình duyệt web Safari, Dashboard, một giao diện ""Thống nhất"" mới và hỗ trợ cải thiện cho địa chỉ bit-64 trên Power Mac G5s..",,
5ab5f249554299488d4d9a5d,A_likely_ok,Yokoa Ryuji đã sử dụng chiếc xe mô tô thể thao loại nào của hãng Yamaha khi ông ta trở thành nhà vô địch giải đua đường trường toàn Nhật Bản (MFJ) năm 2006?,What class of yamaha class sport bike motorcycle did Ryuji Yokoa use when he finished as champion in the MFJ All Japan Road Race GP250 Championship in 2006?,Yamaha 600 class,Yamaha 600 lớp,Yamaha YZF-R6,"Yokoé Ryuji
Ryuji Yokoe (横江竜司, sinh ngày 18 tháng 1 năm 1978) là một tay đua xe mô tô người Nhật Bản. Anh hiện đang thi đấu trong giải vô địch đường đua toàn quốc của Nhật Bản ST600 với chiếc Yamaha YZF-R6. Là người giữ kỷ lục tốc độ nhanh nhất trên đường đua Sugo ở hạng ST600, anh đã giành chức vô địch giải MFJ All Japan Road Race ST600 vào năm 2015 cho đội đua Yamaha Thái Lan với chiếc Yamaha YZF-R6. Trước đó, Yokoe từng thi đấu trong giải MFJ All Japan Road Race GP125 Championship, giải MFJ All Japan Road Race GP250 Championship - nơi anh đã trở thành nhà vô địch vào năm 2006 – và giải MFJ All Japan Road Race JSB1
Yamaha YZF-R6
Yamaha YZF-R6 là một chiếc xe mô tô thể thao 600cc của Yamaha, lần đầu tiên được giới thiệu vào năm 1998, cập nhật vào năm 2001, 2003, 2006, 2017 và được sửa đổi trong những năm còn lại.",,
5abba581554299642a094af9,A_likely_ok,Có bao nhiêu người trong nhóm nhạc đi trước việc phát hành album năm 1975 của Eric Clapton có tên E.C. Was Here?,How many people were in the group which preceded the release of Eric Clapton's 1975 album E.C. Was Here? ,four,4,Đã đến đây,"E. C. Đã đến đây
E. C. Was Here là một album của Eric Clapton năm 1975. Nó được thu âm trực tiếp vào năm 1974 và 1975 tại Long Beach Arena, Hammersmith Odeon, và Trung tâm Công dân Providence bởi Record Plant Remote trong chuyến lưu diễn đầu tiên kể từ Derek and the Dominos vào năm 1970, dẫn đến album ""In Concert"".
Derek và những chiếc bánh quy
Derek and the Dominos là một ban nhạc rock blues được thành lập vào mùa xuân năm 1970 bởi tay guitar và ca sĩ Eric Clapton, tay keyboard và ca sĩ Bobby Whitlock, tay bass Carl Radle và tay trống Jim Gordon. Tất cả bốn thành viên này trước đó đã cùng chơi trong nhóm Delaney & Bonnie and Friends, trong thời gian Eric Clapton gia nhập Blind Faith. Dave Mason cung cấp thêm guitar chính cho buổi thu âm đầu tiên của họ và cũng biểu diễn tại buổi diễn trực tiếp đầu tiên của họ. Một người tham gia khác trong phiên thu âm đầu tiên của ban nhạc là George Harrison; việc ghi âm album ""All Things Must Pass"" đánh dấu sự hình thành Derek and the Dominos.",,
5a7e0ed25542991319bc9424,A_likely_ok,"Tập thứ 249 của ""The Simpsons"" được chiếu vào ngày nào?","The 249th episode of ""The Simpsons"" was aired on what date?","November 1, 2000",Ngày 1 tháng 11 năm 2000,"Mùa thứ mười hai của phim hoạt hình ""The Simpsons"" được phát sóng lần đầu tiên từ tháng 11 năm 2000 đến tháng 5 năm 2001.","Simpsons (mùa 12)
Mùa thứ mười hai của phim hoạt hình ""The Simpsons"" được phát sóng lần đầu tiên từ tháng 11 năm 2000 đến tháng 5 năm 2001. Màn trình diễn bắt đầu vào ngày Chủ nhật, ngày 1 tháng Mười Một, năm Hai ngàn với tập phim ""Treehouse of Horror XI"". Mùa này có bốn tập còn dư thừa từ mùa sản xuất thứ mười một (BABF). Người chịu trách nhiệm cho mùa sản xuất thứ mười hai là Mike Scully. Mùa giải đã giành và được đề cử rất nhiều giải thưởng bao gồm cả hai giải Primetime Emmy Awards và một Annie Award.
Nhà Cây Kinh Dị XI
""Treehouse of Horror XI"" là tập đầu tiên của mùa thứ 12 và tập thứ 249 trong tổng số các tập phim ""The Simpsons"", đồng thời cũng là tập Halloween lần thứ 11. Tập phim này gồm có ba phần: ""G-G-Ghost D-D-Dad"", ""Scary Tales Can Come True"" và ""Night of the Dolphin"". Kịch bản do Rob LaZebnik (dựa trên ý tưởng gốc của Mike Scully), John Frink, Don Payne, Carolyn Omine viết; đạo diễn Matthew Nastuk.",,
5addfdfa5542997dc790710b,A_likely_ok,"Cave-In-Rock, Illinois là một căn cứ cho những tên giết người hàng loạt/băng cướp hoạt động trong thế kỷ nào?","Cave-In-Rock, Illinois was a stronghold for serial killer/bandit brothers who operated in which century?","who operated in Tennessee, Kentucky, Illinois, and Mississippi, in the late eighteenth century.","người hoạt động ở Tennessee, Kentucky, Illinois và Mississippi, vào cuối thế kỷ 18.","1750) - ngày 8 tháng Hai năm 1804), là những kẻ giết người hàng loạt, sát nhân chính trị gia và cướp biển trên sông tại Tennessee , Kentucky , Illinois , Mississippi vào cuối thế kỷ thứ mười tám.","Cave-In-Rock, Illinois
Cave-In-Rock là một ngôi làng ở quận Hardin, Illinois, Hoa Kỳ. Điểm chính và điểm thu hút khách du lịch của nó là hang động gần đó trên bờ sông Ohio. Cave-in-Rock ban đầu là nơi trú ẩn cho những tên cướp và giết người, bao gồm cả tên cướp đường thủy Samuel Mason và James Ford, chủ quán rượu/tên cướp Isaiah L. Potts, kẻ giết người hàng loạt Harpe anh em nhà băng đảng giả tiền Philip Alston , Peter Alston , John Duff , Eson Bixby và Sturdivant cùng với tên cướp sau Nội chiến Logan Belt . Dân số tại cuộc điều tra dân số năm 2010 là 318 người
Anh em nhà Harpe
Micajah ""Big"" Harpe, sinh ra với tên Joshua Harper (trước năm 1768 (có lẽ, c. 1748) - tháng 8 năm 1799), và Wiley ""Little"" Harpe, sinh ra William Harper (trước năm 1770 (có lẽ, c. 1750) - ngày 8 tháng Hai năm 1804), là những kẻ giết người hàng loạt, sát nhân chính trị gia và cướp biển trên sông tại Tennessee , Kentucky , Illinois , Mississippi vào cuối thế kỷ thứ mười tám. Tội ác của anh em nhà Harpe dường như được thúc đẩy bởi khát máu hơn là lợi nhuận tài chính . Họ có thể là những kẻ giết người hàng loạt đầu tiên được biết đến ở Hoa Kỳ từ thời kỳ thuộc địa trở đi. Anh em nhà Harpe được ghi nhận đã giết ba mươi chín người và có thể đã giết nhiều nhất một trăm người",,
5a7f48e15542992e7d278ce6,A_likely_ok,Brad Elterman là một nhiếp ảnh gia chuyên nghiệp đã ghi lại phong cách sống rock 'n' roll của một ban nhạc được biết đến với điều gì?,Brad Elterman is a professional photographer who addressed the rock 'n' roll lifestyle of a band that became noted for what?,its eclectic mix of musical styles,sự pha trộn đầy đủ của các phong cách âm nhạc,"Họ cũng nổi tiếng vì sự đa dạng trong cách phối hợp âm nhạc kết hợp với disco, pop, reggae cùng với hip hop thời kỳ đầu.","Brad Elterman
Brad Elterman là một nhiếp ảnh gia chuyên nghiệp tại Beverly Hills, California, người đã đề cập đến lối sống rock 'n' roll ở Hollywood bao gồm các ban nhạc pop, punk và rock như The Faces với Rod Stewart, David Bowie, Robert Plant, Sex Pistols, The Runaways , Bebe Buell , Kiss , Queen , Blondie , Ramones , Bay City Rollers.
Blondie (nhóm nhạc)
Blondie là một ban nhạc rock người Mỹ được thành lập bởi ca sĩ Debbie Harry và tay guitar Chris Stein. Ban nhạc này là những tiên phong trong dòng new wave và punk tại Mỹ vào giữa đến cuối thập niên 1970s. Hai album đầu của họ mang nhiều yếu tố của các thể loại trên, mặc dù đạt thành công tại Anh Quốc và Úc nhưng Blondie vẫn chỉ được coi như một ban nhạc ngầm tại Mỹ cho đến khi phát hành ""Parallel Lines"" vào năm 1978. Trong ba năm tiếp theo, nhóm có nhiều đĩa đơn ăn khách như ""Call Me"", ""Rapture"" hay ""Heart of Glass"". Họ cũng nổi tiếng vì sự đa dạng trong cách phối hợp âm nhạc kết hợp với disco, pop, reggae cùng với hip hop thời kỳ đầu.",,
5a8481ba5542997175ce1ed4,A_likely_ok,Tagayasu sống ở thị trấn bị ném bom vào ngày nào?,Den Tagayasu lived in the town that was bombed on which dates?,9–10 March 1945,910 tháng 3 năm 1945,"Vào đêm 9-10 tháng 3 năm 1945, hoạt động Meetinghouse được tiến hành và được coi là vụ ném bom tàn khốc nhất trong lịch sử nhân loại.","Tên của Tagayasu
Den sinh năm 1931 tại khu Asakusa, Tokyo. Tên thật của ông là . Quê hương ông bị ném bom bởi máy bay Mỹ vào năm 1945 mặc dù ông và gia đình đã di tản về phía Nam đến nhà mẹ ở Kagoshima trước khi họ bị tấn công. Khi chiến tranh thế giới lần thứ hai kết thúc, Den trở lại Tokyo và bắt đầu học trung học mà hoàn thành vào năm 1952. Trong thời gian đi học trung học, Den đã tổ chức một cuộc đình công dẫn đến việc bãi nhiệm hiệu trưởng trường. Ông nghi ngờ kinh nghiệm tổ chức này có thể là yếu tố giúp ông được nhận vào Đại học Waseda do các sinh viên cánh tả quản lý. Trong thời gian theo học chuyên ngành văn chương Trung Quốc tại đây, ông cũng tham gia tích cực trong nhiều cuộc biểu tình bạo lực vào năm 1952 nên sau đó bị đuổi khỏi Đại học Waseda
Chiến dịch ném bom Tokyo
Thảm họa ném bom Tokyo (東京大空襲, Tōkyōdaikūshū) thường đề cập đến một loạt các cuộc không kích đốt phá của Không quân Lục quân Hoa Kỳ trong chiến dịch tại Thái Bình Dương trong Chiến tranh thế giới thứ hai. Vào đêm 9-10 tháng 3 năm 1945, hoạt động Meetinghouse được tiến hành và được coi là vụ ném bom tàn khốc nhất trong lịch sử nhân loại. Diện tích trung tâm Tokyo bị san phẳng lên tới 16 dặm vuông Mỹ, hơn một triệu người bị mất nhà cửa với khoảng 100.00 người dân thường thiệt mạng. Người Nhật gọi sự kiện này là Đêm tuyết đen",,
5add97c15542997545bbbd80,A_likely_ok,Cả Virginia Ruzici và Andy Murray đều tham gia môn thể thao nào?,In which sport does both Virginia Ruzici and Andy Murray participate?,professional tennis player,cầu thủ quần vợt chuyên nghiệp,"Sir Andrew Barron Murray, {'1': "", '2': """", '3': """", '4': ""} (sinh ngày 15 tháng 5 năm 1987) là một vận động viên quần vợt chuyên nghiệp người Anh từ Scotland hiện đang xếp thứ ba thế giới ở nội dung đơn nam.","Virginia Ruzici
Virginia Ruzici (sinh ngày 31 tháng 1 năm 1955) là một cựu vận động viên quần vợt chuyên nghiệp người Romania. Cô đã giành chức vô địch đơn nữ giải Pháp mở rộng năm 1978.
Andy Murray
Sir Andrew Barron Murray, {'1': "", '2': """", '3': """", '4': ""} (sinh ngày 15 tháng 5 năm 1987) là một vận động viên quần vợt chuyên nghiệp người Anh từ Scotland hiện đang xếp thứ ba thế giới ở nội dung đơn nam. Murray đại diện cho Vương quốc Anh trong các hoạt động thể thao của mình và là nhà vô địch giải đấu Grand Slam ba lần, hai lần vô địch Olympic, Nhà vô địch Davis Cup và nhà vô địch ATP World Tour Finals năm 2016.",,
5ae3e5d05542994393b9e79f,A_likely_ok,Tên của câu lạc bộ Devonshire được đặt theo tên của một nhà chính trị và chủ đất người Anh nào?,The Devonshire Club was named in honor of which British landowner and politician?,"William Cavendish, 7th Duke of Devonshire","William Cavendish, Công tước thứ 7 của Devonshire","William Cavendish, Công tước thứ 7 xứ Devonshire","Câu lạc bộ Devonshire
Câu lạc bộ Devonshire là một câu lạc bộ dành cho quý ông ở Luân Đôn được thành lập vào năm 1874 và bị giải thể vào năm 1976. Trong suốt thời gian tồn tại của nó, câu lạc bộ đặt trụ sở tại số 50 phố St James's Street. Câu lạc bộ tự do lớn nhất trong thời đại đó là Câu lạc bộ Reform, nhưng sau khi Đạo luật Cải cách năm 1868 mở rộng quyền bầu cử, danh sách chờ gia nhập từ các cử tri mới đã phát triển đến mức phải thành lập một câu lạc bộ mới để phục vụ những người tự do mới này. Tòa nhà hội nghị nằm ở phía Tây của đường phố St James's Street. Ban đầu dự định gọi nó là ""Câu lạc bộ cải cách trẻ"", theo mô hình của Câu lạc bộ Carlton trẻ được thành lập vào năm 1866, nhưng khiếu nại từ các thành viên của Câu lạc Bộ Cải Cách dẫn đến tên gọi Devonshire để vinh danh chủ tịch đầu tiên của họ, Công tước xứ Devonshire - một vị vua xuất thân từ dòng dõi lâu đời tự do.
William Cavendish, Công tước thứ 7 xứ Devonshire
William Cavendish, Công tước thứ 7 xứ Devonshire (27 tháng 4 năm 1808 – ngày 21 tháng 12 năm 1891), được phong làm Bá tước của Keighley từ năm 1831 đến năm 1834 và được biết đến với danh hiệu Bá tước Burlington từ năm 1834 đến năm 1858, là một nhà quý tộc chính trị gia, nhà tài phiệt và địa chủ người Anh.",,
5adf1c3f5542993a75d263ec,A_flexible_span,"Trong sáu lãnh thổ Tây Âu, ngôn ngữ hay đặc điểm văn hóa của người Celtic còn tồn tại ở đâu?",In which six Western European territories have Celtic languages or cultural traits survived?,"Brittany, Cornwall, Ireland, Isle of Man, Scotland and Wales.","Brittany, Cornwall, Ireland, Isle of Man, Scotland và Wales.","Mục tiêu của nó là thúc đẩy các ngôn ngữ và văn hóa Celtic hiện đại và nghệ sĩ từ tất cả sáu quốc gia Celtic: Brittany, Cornwall, Ireland, Isle of Man , Scotland và Wales.","Lễ hội Pan Celtic
Lễ hội Pan Celtic (Irish: ""Féile Pan Cheilteach"" ) là một lễ hội âm nhạc ngôn ngữ Celtic được tổ chức hàng năm trong tuần sau Lễ Phục sinh, kể từ khi khai mạc vào năm 1971. Lễ hội Pan Celtic đầu tiên diễn ra tại Killarney, Quận Kerry, Ireland. Mục tiêu của nó là thúc đẩy các ngôn ngữ và văn hóa Celtic hiện đại và nghệ sĩ từ tất cả sáu quốc gia Celtic: Brittany, Cornwall, Ireland, Isle of Man , Scotland và Wales.
Các quốc gia Celtic
Các quốc gia Celtic là những vùng lãnh thổ tại Tây Âu nơi mà ngôn ngữ Celtic hay các đặc điểm văn hoá của họ đã tồn tại. Thuật ngữ “quốc gia” được sử dụng với ý nghĩa nguyên bản của nó để chỉ một dân tộc cùng chung một bản sắc và văn hoá, và được xác định bởi một lãnh thổ truyền thống.",,
5a82fe5055429966c78a6ad3,A_likely_ok,"The Company They Keep là một cuốn sách viết bởi Diana Pavlac Glyer, người là giáo sư tại một trường đại học ở Azusa, California, được thành lập năm 1899 và nằm dưới sự bảo trợ của tôn giáo nào?","The Company They Keep is a book written by Diana Pavlac Glyer, who is a professor at a university in Azusa, California, that was founded in 1899, and is under the auspices of what religion?",evangelical Christian,Cơ đốc giáo truyền giáo,Trường thần học của trường đại học này - Cao đẳng Thần Học Sau Đại Học - tuân theo thần học giáo lý Wesleyan-Arminian.,"Những người mà họ giao tiếp
The Company They Keep: C. S. Lewis và J. R. R. Tolkien như những nhà văn trong cộng đồng (2007) là một tác phẩm phi hư cấu được viết bởi Diana Pavlac Glyer, một học giả của nhóm Inklings và giáo sư tiếng Anh tại trường Đại học Azusa Pacific."" The Company They Keep"" thách thức quan niệm phổ biến rằng các thành viên của nhóm Inklings không ảnh hưởng đến nhau thông qua việc nghiên cứu chi tiết và hấp dẫn cả các tác phẩm đã xuất bản lẫn chưa xuất bản, cũng như các bài báo và thư từ được viết bởi J.R.R., C.,S Lewis, Charles Williams, Owen Barfield , Warren Lewis cùng những nhà văn ít tên tuổi khác thuộc nhóm Inklings
Đại học Azusa Pacific
Đại học Azusa Pacific (APU) là một trường đại học Cơ Đốc giáo Tin Lành tư nhân nằm gần thành phố Los Angeles ở vùng ngoại ô Azusa, California, Hoa Kỳ. Trường được thành lập vào năm 1899, với các lớp học mở cửa vào ngày 3 tháng Ba năm 1900 tại Whittier, California và bắt đầu cấp bằng cấp từ năm 1939. Trường thần học của trường đại học này - Cao đẳng Thần Học Sau Đại Học - tuân theo thần học giáo lý Wesleyan-Arminian. APU cung cấp hơn 100 chương trình liên kết cao đẳng, cử nhân, thạc sĩ và tiến sĩ trên khuôn viên chính và trực tuyến cũng như tại bảy địa điểm khu vực khác nhau trên khắp miền Nam California.",,
5ab973b35542996be20204fd,A_likely_ok,"Cuốn sách phi hư cấu ""Tìm Chandra"" là về một vụ ngoại tình giữa nạn nhân và một nghị sĩ có bằng B.B.A từ trường nào?","The non-fiction book ""Finding Chandra"" is about an affair between the victim and a congressman that holds a B.B.A from what school?",USC Marshall School of Business,Trường kinh doanh USC Marshall,Condit có bằng B.B.A từ Trường Kinh doanh Marshall thuộc Đại học Nam California.,"Tìm Chandra
Tìm Chandra: A True Washington Murder Mystery là một cuốn sách phi hư cấu của Scott Higham và Sari Horwitz, hai nhà báo điều tra đoạt giải Pulitzer tại tờ ""Washington Post"". Cuốn sách, phát hành vào tháng 5 năm 2010, ghi lại sự biến mất vào năm 2001 của nhân viên thực tập sinh Chandra Levy ở Washington, DC, người mà sau đó thi thể được tìm thấy một năm sau trong khu vực hẻo lánh của Công viên Rock Creek rộng 2800 mẫu Anh. Higham và Horwitz trình bày câu chuyện tường thuật chi tiết về vụ án Chandra và những yếu tố phức tạp liên quan đến nó – mối quan hệ tình cảm giữa nạn nhân với Nghị sĩ Gary Condit; sai sót từ lực lượng cảnh sát DC; cũng như sự giám sát không ngừng nghỉ từ giới truyền thông quốc gia.
Gary Condit
Gary Adrian Condit (sinh ngày 21 tháng 4 năm 1948) là một chính trị gia và thành viên của đảng Dân chủ phục vụ tại Hạ viện Mỹ từ năm 1989 đến năm 2003. Condit có bằng B.B.A từ Trường Kinh doanh Marshall thuộc Đại học Nam California. Ban đầu, Condit đại diện cho khu vực bầu cử quốc hội thứ 15 của tiểu bang California, sau đó là khu vực bầu cử quốc hội thứ 18 của tiểu bang California sau khi tái phân chia khu vực bầu cử theo kết quả điều tra dân số Hoa Kỳ vào năm",,
5a886b7555429938390d3f4d,A_likely_ok,Khi nào thì bữa tiệc được Cacareco truyền cảm hứng bắt đầu ở Canada?,When did the party inspired by Cacareco begin in Canada?,1960s,1960s,Đảng Khủng long Canada (1963–93),"Cacareco
Cacareco (1954-1962) là một con tê giác đen cái được trưng bày trong các vườn thú ở Brazil. Nó trở nên nổi tiếng khi tranh cử vào Hội đồng thành phố São Paulo năm 1958 với ý định phản đối tham nhũng chính trị. Các quan chức bầu cử không chấp nhận đơn ứng cử của Cacareco, nhưng bà đã giành được 100,000 phiếu bầu, nhiều hơn bất kỳ đảng nào khác trong cuộc bầu cử đó (cũng bị ảnh hưởng bởi tình trạng vắng mặt phổ biến). Ngày nay thuật ngữ ""voto Cacareco"" (""phiếu bầu Cacareco"") thường được dùng để mô tả những lá phiếu phản đối ở Brazil. Sự ra tranh cử của Cacareco đã truyền cảm hứng cho Đảng Tê Giác tại Canada do tê giác Cornelius the First đứng đầu trên danh nghĩa.
Đảng Khủng long Canada (1963–93)
Đảng Hươu cao cổ (tiếng Pháp: ""Parti Rhinocéros"") là một đảng chính trị đã từng được đăng ký hoạt động tại Canada từ những năm 1960 đến thập niên 1990. Hoạt động trong truyền thống châm biếm chính trị, tín điều cơ bản của Đảng Hươu cao cổ, cái mà họ gọi là lời hứa nguyên thủy, đó là “lời hứa không giữ bất kỳ lời hứa nào”. Sau đó họ đưa ra những kế hoạch phi lý và không thể thực hiện để làm vui và giải trí cho cử tri đi bầu chọn.",,
5ae608f2554299546bf83026,A_likely_ok,Dãy núi nào ở phía đông Bắc Mỹ mà Hamburg Mountains là một vùng của nó?,Which system of mountains in eastern North America is Hamburg Mountains a range region of,The Appalachian Mountains,Các ngọn núi Appalachian,Dãy núi Appalachian,"Dãy núi Hamburg (New Jersey)
Dãy núi Hamburg là một dãy của vùng New York-New Jersey Highlands thuộc dãy núi Appalachian. Đỉnh núi cao 1473 ft nằm trong Quận Sussex, New Jersey.
Dãy núi Appalachian
Dãy núi Appalachian (tiếng Pháp: les Appalaches), thường được gọi là dãy núi Appa, là một dãy núi ở phía đông Bắc Mỹ. Dãy núi Appa hình thành khoảng 480 triệu năm trước trong kỷ Ordovic. Trước khi bị xói mòn tự nhiên, nó từng có độ cao tương đương với dãy Alps và dãy Rocky Mountains. Dãy núi Appa tạo thành rào cản cho việc đi lại từ đông sang tây bởi vì những ngọn đồi và thung lũng xen kẽ theo hướng ngược lại hầu hết các con đường chạy từ đông sang tây.",,
5a78bc6b554299148911f979,A_likely_ok,Woman's Era và Naj là loại tạp chí gì?,Woman's Era and Naj are what kind of magazines?,fortnightly women interest magazine,tạp chí phụ nữ liên quan hai tuần,Woman's Era là một tạp chí hai tuần dành cho phụ nữ được xuất bản bằng tiếng Anh ở Ấn Độ.,"Thời đại của phụ nữ
Woman's Era là một tạp chí hai tuần dành cho phụ nữ được xuất bản bằng tiếng Anh ở Ấn Độ. Tạp chí này ra đời năm 1973 bởi Vishwanath dưới sự quản lý của ông ấy, Delhi Press. Tạp chí thuộc sở hữu và quyền quản lý của Delhi Press. Divesh Nath là biên tập trưởng của tạp chí từ năm 2002 đến nay.
Naj
Naj là một tạp chí tiếng Ba Lan bán hàng tuần về phong cách sống và dành cho phụ nữ được xuất bản tại Warsaw, Ba Lan.",,
5adfeb0555429942ec259b88,A_likely_ok,Cuộc bầu cử thị trưởng Detroit năm 2009 được tổ chức để thay thế cho một chính trị gia bị kết án vì tội,The Detroit mayoral elections of 2009 took place to fill the vacancy created by a politician who was sentenced to what?,four months in jail,4 tháng tù,Kilpatrick bị án tù bốn tháng và được thả ra trước thời hạn vì tốt nghiệp sớm sau khi thụ án được ba tháng rưỡi.,"Cuộc bầu cử thị trưởng Detroit, 2009
Cuộc bầu cử thị trưởng Detroit năm 2009 diễn ra vào ngày 5 tháng 5, với vòng sơ bộ vào ngày 24 tháng 2 năm 2009 để thay thế Kwame Kilpatrick sau khi ông từ chức.
Kwame Kilpatrick
Kwame Malik Kilpatrick (sinh ngày 8 tháng 6 năm 1970) là một chính trị gia Mỹ, từng làm dân biểu tại bang Michigan và thị trưởng thành phố Detroit từ năm 2002 đến năm 2008. Ông đã từ chức thị trưởng vào tháng Chín năm 2008 sau khi bị kết tội khai man và cản trở công lý. Kilpatrick bị án tù bốn tháng và được thả ra trước thời hạn vì tốt nghiệp sớm sau khi thụ án được ba tháng rưỡi.",,
5adfb10855429942ec259af9,A_likely_ok,Raiffeisen Zentralbank là cơ quan trung ương của một trong các nhóm ngân hàng hợp tác ở Áo. Tên của nhóm kia là gì?,Raiffeisen Zentralbank is the central institution of one a group of co-operative banks in Austria. What is the name of the other group?,Austrian Volksbanks,Ngân hàng Volksbanks Áo,Raiffeisen Zentralbank,"Raiffeisen Zentralbank
Raiffeisen Zentralbank Österreich AG là tổ chức trung ương của Tập đoàn Ngân hàng Raiffeisen Áo (RBG). Ngân hàng trung ương đã sáp nhập với chi nhánh của mình là Raiffeisen Bank International vào năm 2017.
Raiffeisen Bankengruppe (Áo)
Raiffeisen Bankengruppe là một trong hai nhóm ngân hàng hợp tác lớn nhất ở Áo (một nhóm còn lại là Ngân hàng Volksbanks của Áo).",,
5a7261635542997f8278398a,A_likely_ok,Thành phố mà Ingrida Ardišauskaitė sinh ra ở đâu trong vùng Litva?,Where is the city that Ingrida Ardišauskaitė was born in located in Lithuania?,a city in north-east Lithuania.,một thành phố ở phía đông bắc Lithuania.,Utena (; ) là một thành phố ở phía đông bắc Litva.,"Ingrida Ardišauskaitė
Ingrida Ardišauskaitė (sinh ngày 17 tháng 01 năm 1993 tại Utena, Lithuania) là vận động viên trượt tuyết băng đồng người Lithuania đã nghỉ hưu.
Utena
Utena (; ) là một thành phố ở phía đông bắc Litva. Đây là trung tâm hành chính của Utena district và Utena County. Utena là một trong những khu định cư lâu đời nhất của Litva. Tên gọi của thành phố có nguồn gốc từ tên con sông chảy qua đây, được biết đến từ năm 1261",,
5a7ec90055429934daa2fc66,A_likely_ok,Trong FC Sion mùa 2012-13 họ đưa vào Gennaro Gattuso và một cầu thủ hiện đang chơi cho đội bóng Scotland nào?,In the 2012-13 FC Sion they brought in Gennaro Gattuso and a player who now plays for what Scottish team?,Scottish Premiership club Hearts,Câu lạc bộ Premier League Scotland Hearts,Kyle Joseph George Lafferty (sinh ngày 16 tháng 9 năm 1987) là một cầu thủ bóng đá chuyên nghiệp người Bắc Ireland hiện đang thi đấu ở vị trí tiền đạo cho câu lạc bộ Hearts tại Giải Ngoại hạng Scotland và đội tuyển quốc gia Bắc Ireland.,"Mùa giải 2012–13 của FC Sion
Trong mùa giải 2012-13, Sion thi đấu ở Giải bóng đá vô địch quốc gia Thụy Sỹ và Cúp Quốc gia Thụy Sỹ. Trong kỳ chuyển nhượng hè họ đã đưa về cựu cầu thủ của đội tuyển Italia Gennaro Gattuso, cũng như Kyle Lafferty (cựu cầu thủ của Rangers). Ngoài ra họ còn mua một cầu thủ Brazil chưa được biết đến tên là Léo Itaperuna từ câu lạc bộ hạng 5 Arapongas và tiền đạo Mathieu Manset từ Reading.
Kyle Lafferty
Kyle Joseph George Lafferty (sinh ngày 16 tháng 9 năm 1987) là một cầu thủ bóng đá chuyên nghiệp người Bắc Ireland hiện đang thi đấu ở vị trí tiền đạo cho câu lạc bộ Hearts tại Giải Ngoại hạng Scotland và đội tuyển quốc gia Bắc Ireland.",,
5ab502ae5542991779162d4c,A_likely_ok,Chức vụ trong tòa án mà Giáo sư Luật tại Trung tâm Liên ngành ở Herzliya nắm giữ là gì?,What position in the court does the Professor of Law at the Interdisciplinary Center in Herzliya hold?,Supreme Court Judge,Thẩm phán Tòa án Tối cao,"Hai thành viên khác của ủy ban là Thẩm phán Tòa Tối cao Aharon Barak, và Thiếu tướng (hưu trí) Yona Efrat.","Ủy ban Kahan
Ủy ban Kahan (ועדת כהן), chính thức được biết đến với tên gọi Ủy ban Điều tra Sự kiện tại các trại tị nạn ở Beirut, là ủy ban do Chính phủ Israel thành lập vào ngày 28 tháng 9 năm 1982 để điều tra vụ thảm sát Sabra và Shatila (16-18 tháng 9 năm 1982). Uỷ ban Kahan do Chánh án Tòa Tối cao Yitzhak Kahan làm chủ tịch. Hai thành viên khác của ủy ban là Thẩm phán Tòa Tối cao Aharon Barak, và Thiếu tướng (hưu trí) Yona Efrat.
Aharon Barak
Aharon Barak (; sinh 16 tháng 9 năm 1936 với tên Aharon Brick) là một Giáo sư Luật tại Trung tâm Liên ngành ở Herzliya và giảng viên Luật tại Đại học Hebrew của Jerusalem, Trường Luật Yale, Đại học Trung Âu, Khoa Luật trường Đại học Georgetown và Khoa Luật của trường Đại học Toronto.",,
5a822a5e55429926c1cdae43,A_likely_ok,Charles Burnett và Alan J. Pakula có nghề nghiệp gì chung?,What occupations do Charles Burnett and Alan J. Pakula have in common?,"film director, film producer, writer","đạo diễn phim, nhà sản xuất phim, nhà văn",Charles Burnett (đạo diễn),"Charles Burnett (đạo diễn)
Charles Burnett (sinh ngày 13 tháng 4 năm 1944 tại Vicksburg, Mississippi) là một đạo diễn phim, nhà sản xuất phim, biên kịch, biên tập viên, diễn viên và nhiếp ảnh gia người Mỹ gốc Phi. Phim nổi tiếng nhất của ông bao gồm ""Killer of Sheep"" (năm 1978), ""My Brother's Wedding"" (năm 1983), ""To Sleep with Anger"" (năm 1990), ""The Glass Shield"" (năm 1994) và """"
Alan J. Pakula
Alan Jay Pakula (; 7 tháng 4 năm 1928 – ngày 19 tháng 11 năm 1998) là một đạo diễn, biên kịch và nhà sản xuất phim người Mỹ. Ông được đề cử cho ba giải Oscar: Phim hay nhất cho ""To Kill a Mockingbird"" (năm 1962), Đạo diễn xuất sắc nhất cho ""All the President's Men"" (năm 1976) và Kịch bản chuyển thể xuất sắc nhất cho ""Sophie's Choice"" (năm 1982).",,
5adf430e5542993a75d2645e,A_likely_ok,"Kênh nào, kênh Miami hay kênh Dundee cũng cung cấp thủy điện và nước cho sản xuất?","Which canal, Miami Canal or Dundee Canal, also supplies hydro-power and water for manufacturing?",Dundee Canal,Hãng Dundee,Kênh Dundee,"Kênh đào Miami
Kênh đào Miami, hay C-6 Canal, chảy từ hồ Okeechobee ở bang Florida của Hoa Kỳ đến tận nơi kết thúc tại sông Miami, chạy xuyên qua trung tâm thành phố Miami. Kênh đào này chảy theo hướng Nam và Đông Nam trong khoảng 77 dặm và đi qua ba quận: Broward, Palm Beach và Miami-Dade. Nó được xây dựng vào đầu thế kỷ 20 để thoát nước cho vùng Nông nghiệp Everglades (EAA).
Kênh Dundee
Kênh Dundee là một kênh đào công nghiệp tại Clifton và Passaic ở Quận Passaic, New Jersey. Nó được xây dựng từ năm 1858 đến 1861 và chạy song song với sông Passaic. Nó cung cấp thủy lực và nước cho sản xuất. Một số thành viên trong cộng đồng kinh doanh đã quan tâm đến việc sửa đổi kênh đào để hỗ trợ các mục đích điều hướng, nhưng kênh đào chưa bao giờ được sử dụng cho mục đích đó.",,
5a8e7c095542990e94052b22,A_likely_ok,Khi nào là thời điểm Tubman University được đặt tên theo vị tổng thống của nước đó?,When did the person for whom Tubman University was named serve as President of his country?,1944 until his death in 1971,1944 cho đến khi ông qua đời năm 1971,"Ông là Tổng thống thứ 19 của Liberia, tại nhiệm từ khi được bầu vào năm 1944 cho đến khi ông qua đời vào năm  1970.","Đại học Tubman
Đại học William V. S. Tubman, thường được gọi là Đại học Tubman, là một trường đại học công lập nằm tại Harper, Maryland County, Liberia. Trường đại học này được đặt tên theo William Tubman - Tổng thống thứ 19 của Liberia.
William Tubman
William Vacanarat Shadrach Tubman (29 tháng 11 năm 1895 – ngày 23 tháng 7 năm 1971) là một chính trị gia Liberia. Ông là Tổng thống thứ 19 của Liberia, tại nhiệm từ khi được bầu vào năm 1944 cho đến khi ông qua đời vào năm  1970.",,
5a88a42f554299206df2b317,A_likely_ok,Phong cách văn học mô tả cuốn sách năm 1968 có một chiếc xe buýt trường quốc tế Harvester năm 1939?,What literary style describes the 1968 book that features a 1939 international Harvester school bus?,the growing literary style called New Journalism,phong cách văn học ngày càng tăng gọi là New Journalism,Sách này được nhớ đến ngày nay như một ví dụ sớm nhất – và có lẽ là nổi tiếng nhất – của phong cách văn học đang phát triển mang tên New Journalism.,"Thêm xa nữa (xe buýt)
Further, còn được biết đến là Furthur, là chiếc xe buýt trường học International Harvester sản xuất năm 1939 mà tác giả Ken Kesey đã mua vào năm 1964 để chở nhóm ""Merry Band of Pranksters"" của ông đi du lịch khắp nước Mỹ và ghi lại những cuộc phiêu lưu phản văn hóa của họ. Do sự hỗn loạn trong chuyến đi và khó khăn trong việc chỉnh sửa, đoạn phim về chuyến hành trình này chưa từng được phát hành dưới dạng một bộ phim cho tới khi ra mắt bộ phim tài liệu Magic Trip năm 2011 - mặc dù chiếc xe buýt có vai trò nổi bật trong cuốn sách Electric Kool-Aid Acid Test của Tom Wolfe xuất bản năm 1968.
Thử nghiệm điện Kool-Aid
The Electric Kool-Aid Acid Test là một cuốn sách phi hư cấu của Tom Wolfe được xuất bản năm 1968. Sách này được nhớ đến ngày nay như một ví dụ sớm nhất – và có lẽ là nổi tiếng nhất – của phong cách văn học đang phát triển mang tên New Journalism. Wolfe trình bày chi tiết những trải nghiệm của Ken Kesey và nhóm Merry Pranksters, những người đã đi du lịch khắp nước Mỹ bằng chiếc xe buýt trường học nhiều màu sắc tên gọi ""Further"". Kesey cùng nhóm Pranksters trở nên nổi tiếng vì sử dụng LSD và các loại thuốc gây ảo giác khác với hy vọng đạt được sự đồng cảm giữa con người với nhau. Cuốn sách ghi lại những thử nghiệm Acid (những bữa tiệc mà trong đó có dùng Kool-Aid tẩm LSD để tạo ra trạng thái đồng cảm tập thể), cuộc gặp gỡ với những nhân vật (không)nổi tiếng thời đó, bao gồm cả tác giả nổi tiếng, Hells Angels, và ban nhạc The Grateful Dead; nó cũng mô tả việc lưu đày Kesey sang Mexico và vụ bắt giữ ông ta.",,
5a8a573355429970aeb7029a,A_likely_ok,"Bài ""hymn quốc ca không chính thức"" của Úc là nguồn gốc cho biệt danh của đội bóng đá nào?","The ""unofficial national anthem"" of Australia is the basis for the nickname of what soccer team?",Australian women's national soccer team,Đội bóng đá nữ quốc gia Úc,Đội tuyển bóng đá nữ quốc gia Úc,"Đội tuyển bóng đá nữ quốc gia Úc
Đội tuyển bóng đá nữ quốc gia Úc đại diện cho Úc trong các giải đấu bóng đá quốc tế cấp độ cao nhất. Đội được quản lý bởi cơ quan quản lý môn thể thao này tại Úc, Liên đoàn Bóng đá Úc (FFA), hiện đang là thành viên của Liên đoàn bóng đá châu Á (AFC) và Liên đoàn Bóng đá Đông Nam Á (AFF) từ khi rời khỏi Liên đoàn Bóng đá châu Đại Dương vào năm 2006. Tên gọi chính thức của đội tuyển là The Matildas (được đặt theo tên bài hát dân gian ""Waltzing Matilda""), trước đây từng được biết đến với cái tên Nữ Socceroos trước năm 1995. Người huấn luyện viên trưởng hiện tại của đội là Alen Stajcic.
Waltzing Matilda
Waltzing Matilda được xem là bài hát dân ca nổi tiếng nhất của Úc và từng được mô tả là quốc ca không chính thức của nước này.",,
5a74a62b55429916b01641a0,A_likely_ok,"Ai là phi hành gia sinh trước, Jean-François Clervoy hay Ulrich Walter?","Which astronaut, Jean-François Clervoy or Ulrich Walter, was born first?",Prof. Dr. Ulrich Hans Walter,Giáo sư Ulrich Hans Walter,Ulrich Walter,"Jean-François Clervoy
Jean-François André Clervoy (sinh ngày 19 tháng 11 năm 1958) là một kỹ sư người Pháp và là phi hành gia của CNES và ESA. Ông đã từng tham gia ba chuyến bay tàu con thoi NASA.
Ulrich Walter
Giáo sư Tiến sĩ Ulrich Hans Walter (sinh ngày 9 tháng 2 năm 1954) là một nhà vật lý/kỹ sư người Đức và là một phi hành gia cũ của DFVLR.",,
5abe822155429976d4830b48,A_likely_ok,Ai đã đạo diễn bộ phim mà Susanne Pollatschek lồng tiếng cho nhân vật Olivia Flaversham?,Who directed the film where Susanne Pollatschek voiced Olivia Flaversham?,"Burny Mattinson, David Michener, and the team of John Musker and Ron Clements","Burny Mattinson, David Michener, và nhóm của John Musker và Ron Clements","Đây là tác phẩm điện ảnh hoạt hình thứ 26 của Disney, với sự chỉ đạo đạo diễn của Burny Mattinson, David Michener và nhóm John Musker cùng Ron Clements (sau này đã chỉ đạo các bộ phim ăn khách ""Nàng Tiên Cá"" và ""Aladdin"").","Susanne Pollatschek
Susanne Pollatschek (sinh ngày 7 tháng 2 năm 1977) là một nữ diễn viên sinh tại Scotland, người đã lồng tiếng cho nhân vật Olivia Flaversham trong phim hoạt hình của Disney ""The Great Mouse Detective"" khi cô ấy mới tám tuổi.
Thám tử Chuột vĩ đại
The Great Mouse Detective là một bộ phim hoạt hình hài hước năm 1986 của Mỹ do Walt Disney Feature Animation sản xuất và được phát hành bởi Walt Disney Pictures. Đây là tác phẩm điện ảnh hoạt hình thứ 26 của Disney, với sự chỉ đạo đạo diễn của Burny Mattinson, David Michener và nhóm John Musker cùng Ron Clements (sau này đã chỉ đạo các bộ phim ăn khách ""Nàng Tiên Cá"" và ""Aladdin""). Phim còn được biết đến với tên gọi The Adventures of the Great Mouse Detective vào thời điểm tái phát hành tại rạp chiếu bóng vào năm 1992 cũng như Basil the Great Mouse Detective ở một vài quốc gia khác. Tất cả các nhân vật chính trong phim đều là loài chuột sống tại London thời Victoria.",,
5abd724b55429924427fcfd9,A_likely_ok,"Trường trung học Ashland, New Hampshire hay trường trung học Plymouth Regional gần khu rừng quốc gia Scribner-Fellows hơn?","Is Ashland, New Hampshire or Plymouth Regional High School located near the Scribner-Fellows State Forest?",Ashland is home to Scribner-Fellows State Forest,Ashland là nơi có rừng bang Scribner-Fellows,"Nằm gần trung tâm địa lý của bang, Ashland là nơi có khu rừng quốc gia Scribner-Fellows State Forest.","Trường Trung học Plymouth Regional (New Hampshire)
Trường Trung học Plymouth Regional (PRHS) là một trường trung học công lập ở Plymouth, New Hampshire, Hoa Kỳ. Các thị trấn lân cận tham gia PRHS là Ashland, Holderness, Campton, Rumney, Wentworth, Warren , Ellsworth , Waterville Valley và Thornton . Bruce Parsons là hiệu trưởng hiện tại. Cơ sở vật chất của trường được mở cửa vào năm 1970 và nằm trên đường Old Ward Bridge ở Plymouth. Nó cũng từng chứa Trường Tiểu học Plymouth cho đến năm 1990. Trường Trung học Khu vực Plymouth được biết đến với tên gọi Trường Trung học Khu vực Plymouth cho đến năm 1991. Màu sắc của trường là màu xanh dương đậm và trắng
Ashland, New Hampshire
Ashland là một thị trấn ở Quận Grafton, New Hampshire, Hoa Kỳ. Dân số năm 2010 là 2.076 người. Nằm gần trung tâm địa lý của bang, Ashland là nơi có khu rừng quốc gia Scribner-Fellows State Forest.",,
5ae7257a554299572ea54731,A_flexible_span,"Nhân vật mà Selina Giles đóng trong phim chính trị ly kỳ năm 2005 có tên ""V for Vendetta"" là ai?","What character did Selina Giles play in the 2005 dystopian political thriller named ""V for Vendetta""?",Evey's mother,Mẹ của Evey.,"Cô được biết đến nhiều nhất với vai diễn Valerie Stowe trong phim ""Until Death"" cùng Jean-Claude Van Damme và Stephen Rea, cũng như vai mẹ của Evey trong phim ""V for Vendetta"" của Wachowskis","Selina Giles
Selina Giles (sinh ngày 5 tháng 3 năm 1972) là một nữ diễn viên và nhà văn người Anh. Cô được biết đến nhiều nhất với vai diễn Valerie Stowe trong phim ""Until Death"" cùng Jean-Claude Van Damme và Stephen Rea, cũng như vai mẹ của Evey trong phim ""V for Vendetta"" của Wachowskis
V for Vendetta (phim)
V for Vendetta là một bộ phim điện ảnh chính trị ly kỳ năm 2005 do James McTeigue đạo diễn và The Wachowskis biên kịch, dựa trên truyện tranh cùng tên của DC/Vertigo Comics ra mắt năm 1988 do Alan Moore và David Lloyd sáng tác. Phim đặt bối cảnh tại một tương lai giả tưởng trong đó chế độ tân phát xít đã áp đặt sự thống trị lên Vương Quốc Anh. Hugo Weaving vào vai V, một chiến binh vô chính phủ tìm cách kích động cuộc cách mạng thông qua các hành vi khủng bố tinh vi; Natalie Portman thủ vai Evey, cô gái lao động trẻ tuổi bị cuốn vào nhiệm vụ của V; còn Stephen Rea hóa thân thành thám tử dẫn dắt cuộc truy lùng tuyệt vọng nhằm ngăn chặn V.",,
5add4f3a5542997545bbbd2c,A_likely_ok,Tên gọi khác của LRA được nhắc đến trong A Brilliant Genocide là gì?,What is another name for the LRA featured in A Brilliant Genocide?,United Holy Salvation Army and Uganda Christian Army/Movement,Quân đội cứu độ thánh hiệp nhất và Quân đội/Hành động Kitô giáo Uganda,"Ban đầu được biết đến với tên gọi là Quân đội Cứu rỗi Thánh hợp nhất và Quân đội/Phong trào Cơ Đốc Giáo Uganda, mục tiêu chính thức của nó bao gồm việc thành lập một nền dân chủ đa đảng, cai trị Uganda theo Mười Điều Răn và chủ nghĩa dân tộc Acholi mặc dù trong thực tế ""LRA không có động cơ chính trị rõ ràng nào cả mà quân sự chiến lược và cách thức hành quân phản ánh điều này"".","Một cuộc diệt chủng xuất sắc
A Brilliant Genocide là một bộ phim tài liệu năm 2016 do Atlantic Star Productions sản xuất. Mục đích của bộ phim là để tiết lộ những hành động tàn bạo chống lại người Acholi bởi Chính phủ Uganda, và Tổng thống Yoweri Museveni, dưới vỏ bọc dập tắt cuộc nổi dậy của Lord's Resistance Army (LRA) do Joseph Kony lãnh đạo. Phim này là điểm đối lập với bộ phim ngắn ""Kony 2012"" ra mắt vào năm 2012. Phim được đạo diễn bởi Ebony Butler.
Quân đội kháng chiến của Chúa
Quân đoàn kháng chiến của Chúa (LRA), còn được biết đến với tên gọi Quân đoàn kháng chiến của Chúa, là một nhóm nổi dậy và giáo phái Kitô giáo dị giáo hoạt động ở miền Bắc Uganda, Nam Sudan, Cộng hòa Trung Phi và Cộng hòa Dân chủ Congo. Ban đầu được biết đến với tên gọi là Quân đội Cứu rỗi Thánh hợp nhất và Quân đội/Phong trào Cơ Đốc Giáo Uganda, mục tiêu chính thức của nó bao gồm việc thành lập một nền dân chủ đa đảng, cai trị Uganda theo Mười Điều Răn và chủ nghĩa dân tộc Acholi mặc dù trong thực tế ""LRA không có động cơ chính trị rõ ràng nào cả mà quân sự chiến lược và cách thức hành quân phản ánh điều này"". Nó dường như hoạt động phần lớn như một tôn giáo cá nhân dành riêng cho người lãnh đạo Joseph Kony - tự xưng mình là nhà tiên tri - mà vai trò lãnh đạo đã mang lại cho ông biệt danh ""David Koresh châu Phi"".",,
5a7b581a5542992d025e6815,A_likely_ok,Blank Check và Air Bud là ví dụ cho thể loại phim gì?,Blank Check and Air Bud are both examples of what type of movie?,American comedy,Bộ phim hài Mỹ,Trắng Trở Về,"Trắng Trở Về
Blank Check là một bộ phim hài hước Mỹ năm 1994 do Rupert Wainwright đạo diễn và với sự tham gia của Brian Bonsall, Karen Duffy, Miguel Ferrer, James Rebhorn, Tone Lōc, Jayne Atkinson và Michael Lerner. Phim được Walt Disney Pictures phát hành vào ngày 11 tháng 2 năm 1994.
Air Bud
Air Bud là một bộ phim hài hước của Mỹ năm 1997 đã tạo ra nhượng quyền thương mại tập trung vào chú chó thật, Buddy, một con chó Golden Retriever. Phim thu về thành công tài chính với doanh thu $4 triệu trong tuần đầu tiên và tổng cộng $27.8 triệu trong thời gian phát hành, so với kinh phí sản xuất ước tính là $3 triệu.",,
5adc7dbf5542994d58a2f618,A_likely_ok,Thành phần chung của cocktail Gimlet và Pink Gin là gì?,What's the common ingredient to a Gimlet and Pink Gin?,Plymouth Gin,Plymouth Gin,"Pink Gin hoặc Pink Plymouth là một loại cocktail được chế biến phổ biến ở Anh vào giữa thế kỷ 19, bao gồm rượu gin và một chút Angostura bitters, đó là một loại rượu đắng có màu đỏ sẫm khiến cho thức uống có màu hồng nhạt.","Pink Gin
Pink Gin hoặc Pink Plymouth là một loại cocktail được chế biến phổ biến ở Anh vào giữa thế kỷ 19, bao gồm rượu gin và một chút Angostura bitters, đó là một loại rượu đắng có màu đỏ sẫm khiến cho thức uống có màu hồng nhạt. Vỏ chanh cũng thường được dùng làm đồ trang trí, với tinh dầu cam quýt giúp tăng hương vị.
Gimlet (cocktail)
Gimlet (phát âm với chữ ""g"" nặng) là một loại cocktail được làm từ rượu gin và nước chanh. Một mô tả về thức uống này vào năm 1928 đã nói rằng: “gin, chút chanh, và soda”. Mô tả trong tiểu thuyết của Raymond Chandler ra đời năm 1953 có tên “The Long Goodbye” đã nêu rõ rằng “một ly gimlet thật sự phải là nửa phần gin và nửa phần nước cốt chanh Rose’s mà không thêm gì khác”. Điều này phù hợp với những tỉ lệ được đề xuất bởi cuốn sách hướng dẫn pha chế cocktail Savoy (năm 1930), trong đó quy định sử dụng một nửa là rượu gin Plymouth và một nửa còn lại là nước cốt chanh Rose’s. Tuy nhiên, khẩu vị hiện đại ít ngọt hơn so với trước đây, thường thì sẽ dùng hai phần gin cho một phần nước cốt chanh hoặc các thành tố không cồn khác (xem công thức ở bên dưới).",,
5ae0fb8855429920d523425b,A_likely_ok,Thành phố mà pháo đài Kongenstein nằm trong khu vực nào?,In which region is the town in which  Fort Kongenstein is located ?,the Greater Accra Region,Khu vực Accra lớn,"Nằm ngay gần đường cao tốc Accra-Aflao, thị trấn này tọa lạc dọc theo sông Volta.","Pháo đài Kongenstein
Pháo đài Kongenstein (tiếng Đan Mạch: ""Fort Kongensten"") là một pháo đài của thương nhân người Đan Mạch nằm tại Ada Foah, Ghana được xây dựng vào năm 1783. Phần lớn của pháo đài đã bị sóng biển cuốn trôi đi từ đó đến nay.
Ada Foah
Ada Foah hay Ada là một thị trấn ven biển nằm ở vùng Greater Accra của Ghana. Nằm ngay gần đường cao tốc Accra-Aflao, thị trấn này tọa lạc dọc theo sông Volta. Đây cũng là thủ phủ của quận Dangme East và trụ sở của Hội đồng Quận.",,
5ac3d9135542995c82c4ac4c,A_likely_ok,Dân số của thành phố mà Munsonville nằm ở góc tây bắc là bao nhiêu?,What is the population of the city that Munsonville is in the northwest corner of?,729 at the 2010 census,729 tại cuộc điều tra dân số năm 2010,Dân số tại cuộc điều tra dân số năm 2010 là 729 người.,"Munsonville, New Hampshire
Munsonville là một cộng đồng chưa hợp nhất ở thị trấn Nelson, Cheshire County, New Hampshire. Nằm ở góc tây bắc của Nelson, gần cửa ra vào hồ Granite Lake.
Nelson, New Hampshire
Nelson là một thị trấn ở Hạt Cheshire, New Hampshire, Hoa Kỳ. Dân số tại cuộc điều tra dân số năm 2010 là 729 người. Nelson bao gồm cả làng Munsonville.",,
5a7a05485542990198eaf04c,A_likely_ok,Special K là một từ lóng cho loại thuốc tác dụng chính kéo dài trong bao lâu?,Special K is a slang word for a medication whose main effects last how long?,up to 25 minutes,Tối đa 25 phút,Tác dụng thường bắt đầu trong vòng năm phút khi truyền tĩnh mạch với tác dụng chính kéo dài đến 25 phút.,"Special K (bài hát)
""Special K"" là một đĩa đơn của ban nhạc rock alternative người Anh Placebo, phát hành vào ngày 19 tháng 3 năm 2001 trên CD và vinyl 12"", được trích từ album thứ ba của họ, ""Black Market Music"". Tên bài hát là tên lóng của Ketamin, và chính bài hát được cho là khám phá ra mối liên hệ giữa thuốc phiện và tình yêu, """"Special K"" là chất kích thích và sự phấn khích khi yêu.""
Ketamin
Ketamin, được bán dưới tên thương mại Ketalar trong số những cái khác, là một loại thuốc chủ yếu được sử dụng để khởi đầu và duy trì gây mê. Nó gây ra trạng thái giống như mộng du trong khi giảm đau, an thần và mất trí nhớ. Những ứng dụng khác bao gồm cho cơn đau mãn tính và để an thần trong chăm sóc đặc biệt. Chức năng tim mạch, hô hấp và phản xạ đường thở nói chung vẫn hoạt động trong thời gian tác dụng của nó. Tác dụng thường bắt đầu trong vòng năm phút khi truyền tĩnh mạch với tác dụng chính kéo dài đến 25 phút.",,
5ab91dc555429919ba4e23b4,A_likely_ok,Slim Dunlap đảm nhận vai trò gì khi ông gia nhập vào ban nhạc Minnesota The Replacements năm 1987?,What role did Slim Dunlap take when he joined the Minnesota band the Replacements in 1987?,guitarist,guitarist,"Thành viên ban nhạc bao gồm tay guitar và ca sĩ Paul Westerberg, Bob Stinson chơi guitar đệm, Tommy Stinson chơi bass và Chris Mars đánh trống trong hầu hết thời gian hoạt động của nhóm.","Slim Dunlap
Bob ""Slim"" Dunlap (sinh ngày 14 tháng 8 năm 1951) là một nhạc sĩ rock người Mỹ. Ông là một tay guitar và ca sĩ-nhạc sĩ từ Minnesota, được biết đến nhiều nhất với việc thay thế cho Bob Stinson - tay guitar chính ban đầu của The Replacements vào năm 1987. Dunlap cũng thu âm hai album solo vào giữa thập niên 90.
The Replacements (nhóm nhạc)
The Replacements là một ban nhạc rock người Mỹ thành lập tại Minneapolis, Minnesota vào năm 1979. Ban đầu là một ban nhạc punk rock, họ được xem như những người tiên phong của dòng alternative rock. Thành viên ban nhạc bao gồm tay guitar và ca sĩ Paul Westerberg, Bob Stinson chơi guitar đệm, Tommy Stinson chơi bass và Chris Mars đánh trống trong hầu hết thời gian hoạt động của nhóm. Sau nhiều album được giới phê bình đánh giá cao như ""Let It Be"" hay ""Tim"", Bob Stinson rời đi vào năm 1986 để Slim Dunlap thay thế ở vị trí guitar chính. Steve Foley thay thế Mars vào năm 1990. Về cuối sự nghiệp của nhóm, Westerberg nắm quyền kiểm soát sáng tác phần lớn hơn về mặt âm nhạc cho nhóm The Replacements tan rã vào năm 1991 khi các thành viên theo đuổi các dự án khác nhau sau đó một thời gian ngắn trở lại với nhau kể từ ngày tháng ba năm hai ngàn mười hai",,
5ab6cce1554299710c8d1f67,A_likely_ok,Tên gọi của khu vực mà tòa tháp Hazina đang được xây dựng bắt nguồn từ cụm từ nào?,From which phrase the name of the place where Hazina Towers is under construction?,Maasai phrase,Câu nói Maasai,"Tên gọi này bắt nguồn từ cụm từ trong ngôn ngữ Maasai ""Enkare Nairobi"", nghĩa là ""nước mát"", ám chỉ dòng sông chảy qua thành phố, sông Nairobi.","Hazina Towers
Hazina Towers, còn được gọi là Hazina Trading Centre, là một tòa nhà đang được xây dựng tại Nairobi, thủ đô và thành phố lớn nhất của Kenya. Khi hoàn thành, tòa nhà chọc trời 39 tầng này sẽ trở thành tòa nhà cao nhất ở Nairobi.
Nai-ro-bi
Nairobi (; ) là thủ đô và thành phố lớn nhất của Kenya. Tên gọi này bắt nguồn từ cụm từ trong ngôn ngữ Maasai ""Enkare Nairobi"", nghĩa là ""nước mát"", ám chỉ dòng sông chảy qua thành phố, sông Nairobi. Thành phố có dân số 3.138.369 người, trong khi khu vực đô thị đông 6.547.547 người (tính đến năm 2010). Người ta thường gọi thành phố này với cái tên Thành phố Xanh giữa nắng mặt trời",,
5a80cf4c55429938b61421f6,A_likely_ok,Khái niệm kinh doanh mà Eric S. Pistorius đã làm việc sau khi là một luật sư là gì?,What was the concept of the business Eric S .Pistorius worked for after being an attorney?,to ensure wide visibility and understanding of cases in a region,đảm bảo sự hiển thị và hiểu biết rộng rãi về các trường hợp trong một khu vực,Quan niệm cốt lõi của hệ thống này yêu cầu các thẩm phán di chuyển đến những địa điểm khác nhau để đảm bảo khả năng tiếp cận và hiểu biết sâu rộng về vụ việc trong khu vực.,"Eric S. Pistorius
Eric S. Pistorius (sinh năm 1956), là một thẩm phán tòa án của Tòa án Illinois, cư trú tại Jerseyville, Illinois. Ông từng là luật sư cho công ty luật và chuyên về các lĩnh vực: thương tích cá nhân, tranh tụng, phòng vệ hình sự và thu hồi nợ.
Tòa án cấp quận
Tòa án lưu động là tên gọi hệ thống tòa án ở một số quốc gia luật thông dụng. Quan niệm cốt lõi của hệ thống này yêu cầu các thẩm phán di chuyển đến những địa điểm khác nhau để đảm bảo khả năng tiếp cận và hiểu biết sâu rộng về vụ việc trong khu vực.",,
5ac0c1cf5542992a796ded7c,A_likely_ok,Tác phẩm nghệ thuật của Crestfallen được thực hiện bởi một nhiếp ảnh gia quốc tịch nào?,Crestfallen's artwork is done by a photographer of which nationality?,Ukrainian,Tiếng Ukraine,Yelena Yemchuk,"Thất vọng
""Crestfallen"" là một ca khúc trong album năm 1998 của ban nhạc The Smashing Pumpkins, ""Adore"". Ban đầu được lên kế hoạch phát hành làm đĩa đơn thứ ba từ album, bài hát sau đó lại được phát hành dưới dạng CD quảng bá ở Mỹ. Bài hát nhận được sự đón nhận vừa phải tại các đài radio rock hiện đại nhưng không đạt thành công về mặt thương mại. Bìa đĩa đơn do Yelena Yemchuk thiết kế.
Yelena Yemchuk
Yelena Yemchuk (tiếng Ukraina: Єлена Ємчук, sinh ngày 22 tháng 4 năm 1970) là một nhiếp ảnh gia chuyên nghiệp, họa sĩ và đạo diễn phim người Ukraine nổi tiếng với tác phẩm của cô dành cho The Smashing Pumpkins.",,
5a84a5dc5542992a431d1a82,A_likely_ok,Mùa giải NHL nào mà Dallas Stars kết thúc ở vị trí thấp hơn Nashville Predators?,What National Hockey League (NHL) season saw the Dallas Stars finish the season in a lower position than the Nashville Predators?,2016–17 NHL season,Mùa NHL 2016-17,Mùa giải NHL 2016–17,"Mùa giải 2016–17 của Dallas Stars
Mùa giải 2016–17 của Dallas Stars là mùa thứ 50 của đội bóng khúc côn cầu trên băng tại giải đấu NHL được thành lập vào ngày 5 tháng 6 năm 1967, và cũng là mùa thứ tư mươi lăm kể từ khi chuyển đến Texas trước khởi tranh mùa giải NHL 1993-94. The Stars đã không thể góp mặt ở vòng playoffs sau khi kết thúc ở vị trí thứ mười một tại Western Conference.
Mùa giải NHL 2016–17
Mùa giải NHL 2016–17 là mùa giải thứ 100 của Liên đoàn Hockey Quốc gia. Ba mươi đội bóng thi đấu trong một mùa thường kéo dài 82 trận từ ngày 12 tháng Mười, 2016 đến ngày chín tháng Tư, năm 2017. Vòng play-off Stanley Cup năm 2017 bắt đầu vào ngày mười hai tháng Tư và kết thúc vào ngày mười mốt tháng Sáu với chiến thắng của Pittsburgh Penguins trước Nashville Predators sau sáu trận đấu. Vào ngày mười mốt Tháng Sáu, Pittsburgh Penguins trở thành đội bóng đầu tiên kể từ Detroit Red Wings ở mùa giải (97-98) vô địch liên tiếp ba lần trong vòng chín năm thi đấu giành cúp Stanley lần thứ năm cho đội hình và danh hiệu thứ ba cho họ.",,
5a7f95685542995d8a8ddeaa,A_likely_ok,Quốc tịch của một nhiếp ảnh gia nổi tiếng làm việc như một nhiếp ảnh gia hậu trường trong các bộ phim Hollywood là gì?,What is the nationality of a famous photograher who worked as a set photographer in Hollywood film productions?,German,Tiếng Đức,Jürgen Vollmer,"Jürgen Vollmer
Jürgen Vollmer (11/7/1939), với Astrid Kirchherr và Klaus Voormann (""Exis""), đã làm quen với The Beatles trong thời gian ban nhạc ở Hamburg vào đầu những năm 60. Là con trai của một sĩ quan quân đội chuyên nghiệp qua đời trong Thế chiến II, Vollmer theo học tại Viện Thời trang Hamburg vào thời điểm gặp gỡ The Beatles, lúc đó bao gồm tay trống Pete Best và tay bass Stu Sutcliffe. Vollmer nhanh chóng trở thành một trong những nhiếp ảnh gia của nhóm và là người chịu trách nhiệm cho một số hình ảnh nổi tiếng nhất của họ trong ngày mặc áo da trước Brian Epstein. John Lennon đặc biệt ấn tượng với các bức ảnh của Vollmer, và sử dụng một trong những bức yêu thích nhất trên bìa album ""Rock 'n' Roll"" năm 1975 của anh ấy. Trong thời gian sống ở Mỹ, ông làm việc như là nhiếp ảnh gia hậu trường cho nhiều bộ phim Hollywood khác nhau.
Astrid Kirchherr
Astrid Kirchherr (sinh ngày 20 tháng 5 năm 1938) là một nhiếp ảnh gia và nghệ sĩ người Đức, được biết đến nhiều nhất với mối liên hệ của cô với ban nhạc The Beatles (cùng với bạn bè Klaus Voormann và Jürgen Vollmer), và những bức hình chụp các thành viên gốc của ban nhạc – John Lennon, Paul McCartney, George Harrison, Stuart Sutcliffe và Pete Best – trong thời gian đầu tiên họ ở Hamburg.",,
5ac0223f5542992a796dec9f,A_likely_ok,William Hopke chơi ở series nào cho Detroit Tigers được thành lập năm 1901?,What series did William Hopke play in for the Detroit Tigers which were founded in 1901?,1909 Cuban-American Major League Clubs Series,1909 Cổ đoàn bóng đá Mỹ-Cuba Major League,Anh cũng từng chơi cho Almendares ở Giải bóng chày Cuba vào năm .,"Bill Hopke
William ""Silent Bill"" Hopke (2 tháng 11 năm 1881 - 18 tháng 4 năm 1959) là một cầu thủ bóng chày chuyên nghiệp người Mỹ. Anh chơi ở giải đấu nhỏ từ năm 1902 đến năm 1914 với nhiều đội khác nhau. Hopke cũng chơi trong trận đấu giữa các câu lạc bộ Major League Cuban-American của Detroit Tigers vào năm 1909, mặc dù anh không bao giờ ra sân cho Detroit tại giải đấu chính thức. Anh cũng từng chơi cho Almendares ở Giải bóng chày Cuba vào năm .
Detroit Tigers
Detroit Tigers là một đội bóng chày chuyên nghiệp của Mỹ có trụ sở tại Detroit, Michigan. Đội thi đấu ở giải Major League Baseball (MLB) trong American League (AL) Central division. Là một trong 8 câu lạc bộ thành viên sáng lập của AL, đội được thành lập năm 1901 tại Detroit. Đây là đội duy nhất giữ nguyên tên gọi và địa điểm đặt trụ sở kể từ khi thành lập đến nay ở giải AL. Đội đã giành được bốn chức vô địch World Series (, , , ), 11 chức vô địch American League pennant (năm 1907, 1908, 1909, 1934, 1935, 1940,  
Năm hiện tại họ chơi các trận đấu trên sân nhà tại Comerica Park nằm ở trung tâm thành phố Detroit",,
5ac38bf355429939154137ba,A_likely_ok,"William McGrath là một người trung thành từ Bắc Ireland, và được biết đến với việc chống lại điều gì?","William McGrath was a loyalist from Northern Ireland, and was known for opposing what? ",united Ireland,Ireland thống nhất,"Giống như các nhà liên minh, những người trung thành ủng hộ chế độ quân chủ Anh, ủng hộ sự tồn tại tiếp tục của Bắc Ireland và phản đối một nước Cộng hòa Ai-len thống nhất.","William McGrath
William McGrath (11 tháng 12 năm 1916 - 1992) là một người trung thành với Bắc Ireland, người đã thành lập tổ chức cánh hữu cực đoan Tara vào những năm 1960, từng nổi tiếng trong Hội Cam cho đến khi bị trục xuất vì hành vi ấu dâm. Là quản gia tại Kincora Boys 'Home ở Đông Belfast, ông ta bị kết án tù bốn năm vào năm 1981 vì các hoạt động ấu dâm tại nhà trẻ mồ côi này.
Thượng Liên minh
Thuyết trung thành với Ulster là một hệ tư tưởng chính trị được tìm thấy chủ yếu trong những người Tin Lành thuộc tầng lớp lao động ở Bắc Ireland, nơi mà tình trạng của nó như là một phần của Vương quốc Anh vẫn còn gây tranh cãi. Hầu hết các tín đồ Tin Lành Ulster là hậu duệ của những cư dân từ Anh vào thế kỷ 17 và 18. Giống như các nhà liên minh, những người trung thành ủng hộ chế độ quân chủ Anh, ủng hộ sự tồn tại tiếp tục của Bắc Ireland và phản đối một nước Cộng hòa Ai-len thống nhất. Thuyết trung thành với Ulster đã được mô tả như một loại hình chủ nghĩa dân tộc sắc tộc và ""một biến thể về chủ nghĩa dân tộc Anh"". Nó có mối quan hệ chặt chẽ với hoạt động bán quân sự.",,
5a88a4245542997e5c09a668,A_likely_ok,Roscoe Channing đã thành lập công ty với chủ sở hữu một trong những chuồng ngựa đua thuần chủng hàng đầu?,What company did Roscoe Channing form with the owner of a leading stable of thoroughbred racehorses?,Hudson Bay Mining and Smelting Company,Công ty khai thác và pha chế vịnh Hudson,"Hai người cùng nhau thành lập Công ty Khai thác và Luyện kim Hudson Bay ở Flin Flon, Saskatchewan , Canada , và Channinng giữ chức vụ chủ tịch công ty này .","Roscoe Channing
Roscoe H. Channing, Jr. (7 tháng 1 năm 1868 - 1 tháng 4 năm 1961) là một cầu thủ bóng đá toàn Mỹ, thành viên của những người cưỡi ngựa thô lỗ và điều hành khai thác mỏ. Channing là một cầu thủ chạy nửa sau toàn Mỹ cho Đại học Princeton. Anh ấy là một trong mười một cầu thủ được Caspar Whitney chọn vào đội bóng bầu chọn đầu tiên mọi thời đại vào năm 1889. Khi chiến tranh Tây Ban Nha-Mỹ nổ ra vào năm 1898, Channing đã ghi danh gia nhập quân đoàn kỵ binh của Theodore Roosevelt's Rough Riders . Roosevelt tự hào về việc nhiều cầu thủ bóng đá Ivy League đã ghi danh gia nhập quân đoàn kỵ binh này.. Sau đó, Chanining bước chân vào ngành công nghiệp khai thác mỏ và quản lý hoạt động khai thác mỏ của gia đình Whitney. Trong những năm thập niên hai mươi, ông lập đối tác với người bạn Cornelius Vanderbilt Whitney của mình. Hai người cùng nhau thành lập Công ty Khai thác và Luyện kim Hudson Bay ở Flin Flon, Saskatchewan , Canada , và Channinng giữ chức vụ chủ tịch công ty này .
Cornelius Vanderbilt Whitney
Cornelius Vanderbilt ""C.V."" (""Sonny"") Whitney (20 tháng 2 năm 1899 – ngày 13 tháng 12 năm 1992) là một doanh nhân, nhà sản xuất phim, nhà văn, nhà từ thiện, vận động viên polo và quan chức chính phủ người Mỹ cũng như chủ sở hữu của một trong những trường đua ngựa hàng đầu thế giới.",,
5ae509f655429908b63264ef,A_likely_ok,Cầu thủ NBA đã đến thăm Tlacote el Bajo đã thắng gì trong mùa giải đầu tiên của mình?,What did the NBA player who visited Tlacote el Bajo win during his rookie season?,a championship and an NBA Finals Most Valuable Player Award,một giải vô địch và giải thưởng cầu thủ có giá trị nhất của NBA Finals,"Anh đã giành chức vô địch và danh hiệu Cầu thủ xuất sắc nhất Chung kết NBA ngay từ mùa giải đầu tiên thi đấu, đồng thời giành thêm bốn lần vô địch cùng với đội Lakers trong thập niên 80s.","Tlacote el Bajo
Tlacote el Bajo là một ngôi làng ở Querétaro, Mexico. Nó nằm trong đô thị của Querétaro. Nó có 5453 cư dân và nằm ở độ cao 1850 mét so với mực nước biển. Nơi đây nổi tiếng với những suối nước được cho là kỳ diệu, đã từng được nhiều người nổi tiếng ghé thăm, bao gồm cầu thủ bóng rổ Magic Johnson của NBA.
Magic Johnson
Earvin ""Magic"" Johnson Jr. (sinh ngày 14 tháng 8 năm 1959) là một cầu thủ bóng rổ chuyên nghiệp đã giải nghệ và hiện đang giữ chức vụ chủ tịch bộ phận bóng rổ của đội Los Angeles Lakers thuộc Hiệp hội bóng rổ quốc gia Hoa Kỳ (NBA). Anh từng chơi ở vị trí hậu vệ cho đội Lakers trong suốt thời gian dài nhất của sự nghiệp thể thao của mình, kéo dài đến 13 mùa giải. Sau khi giành được những danh hiệu vô địch tại trường trung học cũng như đại học, Johnson đã được chọn làm tân binh đầu tiên trong đợt tuyển quân năm 1979 bởi đội Lakers. Anh đã giành chức vô địch và danh hiệu Cầu thủ xuất sắc nhất Chung kết NBA ngay từ mùa giải đầu tiên thi đấu, đồng thời giành thêm bốn lần vô địch cùng với đội Lakers trong thập niên 80s. Tuy nhiên anh đột ngột giã từ sân cỏ vào năm 1991 sau khi thông báo rằng mình bị nhiễm HIV; tuy nhiên anh vẫn tham gia thi đấu tại trận All-Star Game tổ chức vào năm tiếp theo đó và vinh dự nhận được danh hiệu Cầu thủ xuất sắc nhất trận đấu này trước khi tạm biệt sân cỏ một lần nữa cho đến tận bốn năm sau đó để rồi trở lại thi đấu thêm ba mươi hai trận nữa cùng với đội Laker trước khi chính thức giã từ sự nghiệp thi đấu chuyên nghiệp vĩnh viễn lần thứ ba cũng là lần cuối cùng vào lúc tuổi đời lên tới ba mươi sáu",,
5adf37785542992d7e9f92d3,A_likely_ok,Một bộ đồng phục NFL Color Rush và một áo đấu thứ ba đều được coi là loại đồng phục gì trong NFL?,An NFL Color Rush uniform and a Third Jersey are both considered what type of uniform in the NFL?,alternate uniform,đồng phục thay thế,Những bộ đồng phục này không tính vào số lượng đồng phục dự phòng của mỗi đội.,"NFL Color Rush
NFL Color Rush là một sự kiện được phối hợp với giải bóng bầu dục quốc gia (NFL) và Nike, để quảng bá cho những trận đấu ""màu sắc so tài với màu sắc"" giữa các đội bóng có trang phục đặc trưng cho trận đấu cụ thể đó, chủ yếu là một màu duy nhất cùng với các điểm nhấn xen kẽ nhiều màu khác nhau. Sự kiện này phát sóng chủ yếu vào thứ Năm đêm. Mặc dù được quảng bá như là ""màu sắc so tài với màu sắc"", nhưng vẫn có những trường hợp mà một đội sẽ mặc trang phục truyền thống trắng, hoặc do lựa chọn hoặc do bắt buộc phải làm vậy. Những bộ đồng phục này không tính vào số lượng đồng phục dự phòng của mỗi đội. Các trận đấu đã nhận được phản hồi trái chiều từ người hâm mộ; trong khi có người khen ngợi NFL vì thay đổi trang phục thi đấu thì cũng có ý kiến chỉ trích sự kiện vì một số bộ đồng phục quá sặc sỡ.
Áo số 3
Áo đấu thứ ba, áo đấu dự phòng, bộ đồ thể thao thứ ba hoặc đồng phục dự phòng là một chiếc áo hoặc đồng phục mà đội bóng thể thao mặc trong các trận đấu thay vì trang phục ở sân nhà hay sân khách của họ, thường khi hai màu sắc của đồng phục hai đội cạnh tranh quá giống nhau để có thể chơi dễ dàng. Áo đấu dự phòng cũng là phương tiện cho các tổ chức thể thao chuyên nghiệp tạo ra doanh thu bằng cách bán cho người hâm mộ. Trong số các giải thể thao Bắc Mỹ, NFL tạo ra 1.2 tỷ đô la mỗi năm từ doanh số bán áo đấu và NBA đứng thứ hai với 900 triệu đô la mỗi năm. Một cách sử dụng khác của đồng phục dự phòng là nhận diện với những mục đích nào đó, ví dụ như Central Coast Mariners mặc bộ đồ màu hồng khi đá trên sân vào ngày miếng băng dính màu hồng (Pink Ribbon Day).",,
5a8bbfb15542995e66a474f6,A_likely_ok,Peter Curtis và Scott Draper đều là gì?,Peter Curtis and Scott Draper are both what?,former tennis player,cựu cầu thủ quần vợt,Peter Curtis (quần vợt),"Peter Curtis (quần vợt)
Peter Curtis (sinh ngày 29 tháng 8 năm 1945) là một cựu vận động viên quần vợt chuyên nghiệp người Anh. Peter Curtis đã giành được giải Grand Slam duy nhất trong nội dung đôi nam nữ với vợ mình vào thời điểm đó là Mary Ann Eisel-Curtis.
Scott Draper
Scott Dennis Draper (sinh ngày 5 tháng 6 năm 1974) là một vận động viên quần vợt và golf người Úc. Anh đã vô địch giải Úc Mở rộng đôi nam nữ với Sam Stosur vào năm 2005. Draper cũng lọt vào vòng bốn của Pháp mở rộng ở cả hai năm 1995 và 1996, và vào vòng bốn Mỹ mở rộng trong năm 1997.",,
5a8ad8ed5542992d82986fa3,A_flexible_span,Dân số năm 2010 của thị trấn nơi trang trại Bennett Hill tọa lạc là bao nhiêu?,What was the 2010 population of the town where Bennett Hill Farm is located?,"8,648","8,648",Dân số năm 2010 là 8.648 người.,"Bennett Hill Farm
Bennett Hill Farm là một ngôi nhà lịch sử và trang trại phức hợp nằm tại New Scotland ở Quận Albany, New York. Phần ban đầu của ngôi nhà chính được xây dựng vào năm 1821 và là một tòa nhà hai tầng với ba buồng ngủ và hai cửa sổ. Vào những năm 1830, một phần mở rộng theo phong cách Phục hưng Hy Lạp lớn đã hoàn thành cho ngôi nhà - hai tầng rưỡi với ba phòng khách và hai cửa sổ. Những công trình đóng góp cho trang trại bao gồm chuồng ngựa chính (năm 1797), chuồng chăn nuôi vật nuôi (khoảng năm 1900), kho xe kéo (khoảng năm 1900), kho trái cây (khoảng năm
New Scotland, New York
New Scotland là một thị trấn ở Quận Albany, New York, Hoa Kỳ. Dân số năm 2010 là 8.648 người.",,
5a71148b5542994082a3e567,A_likely_ok,Dân số của thành phố nơi Bảo tàng Hàng hải Penobscot tọa lạc là bao nhiêu?,What was the population of the city where Penobscot Marine Museum is located?,"The population was 2,615",Dân số là 2.615 người,Dân số năm 2010 là 2615 người.,"Bảo tàng Hàng hải Penobscot
Bảo tàng Hàng hải Penobscot ở Searsport, Maine, Hoa Kỳ là bảo tàng hàng hải lâu đời nhất của bang và được thiết kế để bảo tồn và giáo dục mọi người về lịch sử phong phú và độc đáo của ngành vận tải biển cũng như đóng tàu tại Maine. Nó được thành lập vào năm 1936, và nằm trên đường 5 Church Street ở trung tâm của Searsport.
Searsport, Maine
Searsport là một thị trấn hợp nhất và cảng nước sâu nằm tại cửa sông Penobscot và vịnh Penobscot ngay phía đông nam đảo Sears và mũi Jellison ở quận Waldo, Maine, Hoa Kỳ. Dân số năm 2010 là 2615 người. Searsport bao gồm làng North Searsport. Thị trấn được biết đến với tên gọi ""quê hương của các thuyền trưởng nổi tiếng"" và ""Thủ đô đồ cổ của Maine"".",,
5ac09da45542996f0d89cc1d,A_likely_ok,Món nước ngọt Solo của Na Uy và Sunkist có hương vị chính là gì?,"What is the main flavor of both soft drinks, Solo from Norway, and Sunkist?",orange,màu cam,Sunkist là một nhãn hiệu nước giải khát có hương vị cam được ra mắt vào năm 1979.,"Sunkist (nước ngọt)
Sunkist là một nhãn hiệu nước giải khát có hương vị cam được ra mắt vào năm 1979.
Solo (nước giải khát của Na Uy)
Solo là một loại nước giải khát có hương cam được sản xuất bởi các công ty của Na Uy như Ringnes, Oskar Sylte, Aass và Mack. Công thức ban đầu là của Tây Ban Nha và được đưa đến Tønsberg Bryggeri bởi Torleif Gulliksrud vào năm 1934. Solo nhanh chóng trở thành nước giải khát phổ biến nhất ở Na Uy cho đến khi Pepsi vượt qua nó về thị phần vào năm 1960 để trở thành thương hiệu thứ ba nổi tiếng nhất.",,
5a8d427f5542994ba4e3dc41,A_likely_ok,Erik Wickberg là tướng quân của một đạo quân có liên quan đến giáo phái tôn giáo nào?,Erik Wickberg was the general of an army linked to which religious sect ?,Protestant Christian,Cơ Đốc giáo Tin Lành,Quân đoàn cứu tế là một phong trào Kitô giáo Tin Lành và tổ chức từ thiện quốc tế được cấu trúc theo cách quân sự.,"Erik Wickberg
Erik Wickberg (6 tháng 7 năm 1904 – 26 tháng 4 năm 1996) là Tổng tư lệnh thứ chín của Quân đội cứu rỗi (1969-1974).
Quân đoàn cứu tế
Quân đoàn cứu tế là một phong trào Kitô giáo Tin Lành và tổ chức từ thiện quốc tế được cấu trúc theo cách quân sự. Tổ chức này báo cáo rằng có hơn 1,5 triệu thành viên trên toàn thế giới, bao gồm binh lính, sĩ quan và những người ủng hộ được gọi là Quân đội Cứu rỗi. Các nhà sáng lập Catherine và William Booth tìm cách mang lại sự cứu rỗi cho người nghèo cùng khổ và đói khát bằng cách đáp ứng cả nhu cầu ""thể xác lẫn tinh thần"". Nó hiện diện tại 127 nước, điều hành các cửa hàng từ thiện, vận hành nơi trú ẩn cho người vô gia cư và giúp đỡ thiên tai cũng như viện trợ nhân đạo cho các nước đang phát triển.",,
5ab2979c554299449642c919,A_likely_ok,"Pawnography, với sự tham gia của Richard Corey Harrison, được quay tại cửa hàng và thị trấn nào?","Pawnography, featuring Richard Corey Harrison, is filmed in what shop and town?",Gold & Silver Pawn Shop in Las Vegas,Tiệm vàng và bạc ở Las Vegas,Chương trình thử thách thí sinh trả lời câu hỏi để giành giải thưởng tiền mặt hoặc mua đồ từ cửa hàng vàng bạc Pawn Shop (nơi quay phim Pawn Stars).,"Chơi cờ bạc
Pawnography là một chương trình trò chơi của Mỹ được truyền hình trực tiếp trên kênh History. Chương trình do diễn viên hài Christopher Titus làm MC, và có sự tham gia của các nhân vật trong phim ""Pawn Stars"" gồm Rick Harrison, Corey Harrison và Austin ""Chumlee"" Russell với vai trò giám khảo. Chương trình thử thách thí sinh trả lời câu hỏi để giành giải thưởng tiền mặt hoặc mua đồ từ cửa hàng vàng bạc Pawn Shop (nơi quay phim Pawn Stars). Chương trình ra mắt ngày 10 tháng 7 năm 2014 lúc 10 giờ tối theo giờ Đông Hoa Kỳ sau khi phát sóng tập cuối cùng của loạt phim Pawn Stars.
Corey Harrison
Richard Corey ""Big Hoss"" Harrison (sinh ngày 27 tháng 4 năm 1983) là một doanh nhân và người đóng phim truyền hình thực tế, được biết đến với tư cách là một thành viên trong bộ phim truyền hình lịch sử ""Pawn Stars"", ghi lại công việc của anh tại cửa hàng đồ cổ Gold & Silver Pawn Shop nổi tiếng thế giới ở Las Vegas, mà anh cùng sở hữu với cha mình Rick Harrison và ông nội Richard Benjamin Harrison.",,
5aba11d25542994dbf0198a6,A_likely_ok,Đảng nào đã thống trị ba kỳ bầu cử gần đây nhất ở bang mà Arataca là một đô thị?,Which party dominated the last three elections of the state in which Arataca is a municipality?,Workers' Party,Đảng Lao động,"Trước kia từng là một khu vực quân chủ mạnh mẽ chịu ảnh hưởng bởi nông nghiệp, nô lệ, chăn nuôi gia súc nay đã trở thành trung tâm sản xuất quan trọng mà ba kỳ bầu cử gần đây nhất đều do đảng Công nhân giành thắng lợi.","Arataca
Arataca là một đô thị thuộc bang Bahia, nằm ở vùng Đông Bắc Brazil. Arataca có diện tích 435,96 km2 và dân số năm 2007 là 11.779 người, mật độ dân số là 27 người/km². Đô thị này gồm hai quận: Arataca (phần lớn) và Itatingui (nhỏ hơn).
Bahia
Bahia [1] là một trong 26 bang của Brazil và nằm ở phía đông bắc của đất nước trên bờ biển Đại Tây Dương. Đây là bang lớn thứ tư về dân số (sau São Paulo, Minas Gerais, và Rio de Janeiro) và lớn thứ năm về diện tích. Thủ phủ của Bahia là thành phố Salvador (trước đây được gọi là ""Cidade do São Salvador da Bahia de Todos os Santos"", nghĩa đen: """"Thành phố Thánh Giá Cứu Chuộc Tất cả các Thánh"""") nằm trên cồn cát ngăn cách Vịnh Tùm Tất cả các Thánh với Đại Tây Dương. Trước kia từng là một khu vực quân chủ mạnh mẽ chịu ảnh hưởng bởi nông nghiệp, nô lệ, chăn nuôi gia súc nay đã trở thành trung tâm sản xuất quan trọng mà ba kỳ bầu cử gần đây nhất đều do đảng Công nhân giành thắng lợi.",,
5add13b15542994ed6169c65,A_likely_ok,Tại sao Nhật Bản chiếm đóng hòn đảo lớn nhất và nằm ở phía tây nhất trong quần đảo Near?,Why did the Japanese occupy the westernmost and largest island in the Near Islands group?,protect the northern flank of the Japanese Empire,bảo vệ cánh phía bắc của Đế chế Nhật Bản,Người Nhật đã chiếm đóng Kiska và hòn đảo gần đó là Attu nhằm bảo vệ sườn phía Bắc của Đế quốc Nhật Bản.,"Nhật Bản chiếm đóng Kiska
Cuộc chiếm đóng Kiska của Nhật diễn ra từ ngày 6 tháng 6 năm 1942 cho đến ngày 28 tháng 7 năm 1943 trong Chiến dịch quần đảo Aleutian của Nhà hát Mỹ và Nhà hát Thái Bình Dương trong Thế chiến II. Người Nhật đã chiếm đóng Kiska và hòn đảo gần đó là Attu nhằm bảo vệ sườn phía Bắc của Đế quốc Nhật Bản.
Đảo Attu
Attu (Aleut: ""Atan"" ) là đảo lớn nhất và thuộc phía Tây của quần đảo Near Islands trong quần đảo Aleutian ở Alaska, cũng là điểm cực Tây của đất liền trên lãnh thổ Alaska, Hoa Kỳ, Bắc Mỹ và Châu Mỹ. Đảo này trở nên không có người sinh sống vào năm 2010.",,
5a8e0dbd554299068b959e3e,A_likely_ok,Hot Pixel và PlayStation Portable có chung loại phương tiện truyền thông nào?,What type of media does Hot Pixel and PlayStation Portable have in common?,video game,trò chơi video,PlayStation Portable,"Điểm nóng
Hot Pixel là một trò chơi điện tử thuộc thể loại giải đố dành cho Sony PlayStation Portable phát hành ngày 22 tháng 6 năm 2007 tại châu Âu và ngày 2 tháng 10 năm 2007 tại Bắc Mỹ bởi Atari.
PlayStation Portable
PlayStation Portable (PSP) là một máy chơi game cầm tay được phát triển bởi Sony Computer Entertainment. Quá trình phát triển của dòng máy cầm tay này được công bố trong E3 2003, và nó đã ra mắt vào ngày 11 tháng 5 năm 2004 tại hội nghị báo chí của Sony trước thềm sự kiện E3 2004. Hệ thống này đã ra mắt ở Nhật Bản vào ngày 12 tháng 12 năm 2004, tại Bắc Mỹ vào ngày 24 tháng ba năm 2005, và tại khu vực PAL vào ngày mùng một tháng Chín cùng năm. Nó chủ yếu cạnh tranh với Nintendo DS như là một phần của thế hệ thứ bảy các hệ thống trò chơi điện tử.",,
5a8331f15542993344745fe8,A_likely_ok,Công việc khác của người đàn ông đồng sản xuất Gyara Hazar Ladkian là gì?,What other jobs did the man that co-produced Gyara Hazar Ladkian have?,film lyricist,nhà văn văn phim,"Ông cũng là một nhà thơ, nhà phê bình và người viết lời phim.","Gyara Hazar Ladkian
Gyara Hazar Ladkian ( Mười Một Ngàn Cô Gái) là một bộ phim lãng mạn xã hội năm 1962 do K. A. Abbas đạo diễn. Phim được nhà thơ Ali Sardar Jafri đồng sản xuất, người cũng giúp viết kịch bản với Abbas.
Ali Sardar Jafri
Ali Sardar Jafri (29 tháng 11 năm 1913 – ngày 01 tháng 8 năm 2000) là một tác giả tiếng Urdu giàu có và đa dạng từ Ấn Độ. Ông cũng là một nhà thơ, nhà phê bình và người viết lời phim.",,
5ac55ba05542993e66e8233d,A_likely_ok,Một ngôi sao cricket đóng vai phụ trong phim Sinhawalokanaya là cựu đội trưởng của đội cricket nào?,An cricket star who played a supporting role in the film Sinhawalokanaya was a former captain of which cricket team?,Sri Lanka national cricket team,Đội tuyển cricket quốc gia Sri Lanka,Ngôi sao cricket Sri Lanka Tillakaratne Dilshan cũng xuất hiện trong một vai phụ.,"Sinhawalokanaya
Sinhawalokanaya (Lion's Pride) là một bộ phim lịch sử thể thao tiếng Sinhala năm 2011 được viết và đạo diễn bởi Suneth Malinga Lokuhewa. Phim có sự tham gia của Delon Jayasinghe và Raini Charuka Goonatillake trong các vai chính, cùng với Menaka Rajapakse, Sanath Gunathilake, Kumara Thirimadura, Mihira Sirithilaka, Kanchana Mendis, Pubudu Chathuranga và Cletus Mendis cũng đóng những vai phụ quan trọng. Ngôi sao cricket Sri Lanka Tillakaratne Dilshan cũng xuất hiện trong một vai phụ. Được sản xuất bởi EAP Circuit Cinemas, nhạc phim do Rookantha Gunathilake và Ravihans Wetakepotha sáng tác. Phim phát hành vào tháng Giêng năm 2011 và là một thành công thương mại lớn nhất trong lịch sử điện ảnh Sri Lanka vào thời điểm đó nhưng nhận về nhiều đánh giá tiêu cực từ giới phê bình phim. Đây là bộ phim thứ 1150 của điện ảnh Sri Lanka
Tillakaratne Dilshan
Tillakaratne Mudiyanselage Dilshan, (Sinhala: තිලකරත්න ඩිල්ෂාන් ; sinh ngày 14 tháng 10 năm 1976, tên gọi phổ biến là Tuwan Mohammad Dilshan), thường được biết đến với cái tên Tillakaratne Dilshan, là một cựu cầu thủ cricket Sri Lanka và từng giữ chức vụ đội trưởng đội tuyển quốc gia Sri Lanka. Anh được đánh giá cao nhất trong số những người ghi bàn của lịch sử ODI của Sri Lanka và thường được xem là một trong những batsman sáng tạo nhất mọi thời đại. Dilshan cũng hiếm khi có thể đóng vai trò như một batsman xuất sắc nhưng anh ấy cũng có khả năng làm wicket-keeper. Anh ta là batsman right-hander chơi ở vị trí mở đầu trận đấu và cũng giỏi ném bóng off-break . Một nhân tố quan trọng trên sân cỏ, anh thường xuyên chịu trách nhiệm ở khu vực điểm.",,
5a87572d5542994846c1cd6b,A_likely_ok,WLMW được cấp phép cho một thành phố ở quận nào?,WLMW is licensed to a city in which county?,located in Hillsborough County,nằm ở quận Hillsborough,Thành phố nằm dọc bờ sông Merrimack tại Hạt Hillsborough và được chia làm hai phần phía đông và phía tây bởi dòng sông này chảy qua đó.,"WLMW
WLMW FM 90.7 là một đài phát thanh Cơ Đốc thuộc sở hữu của Manchester, New Hampshire và sở hữu bởi Knowledge for Life. WLMW phát sóng các chương trình từ American Family Radio cũng như một số chương trình địa phương khác. Al Kaprielian là người dự báo thời tiết trực tiếp của đài này
Manchester, New Hampshire
Manchester là thành phố lớn nhất ở bang New Hampshire, Hoa Kỳ, và là thành phố lớn thứ 11 ở New England. Tính đến năm 2016, đây cũng là thành phố lớn nhất ở miền bắc New England - khu vực bao gồm các bang Maine, New Hampshire và Vermont. Theo điều tra dân số năm 2010 của Mỹ thì Manchester có dân số hơn 109.565 người; trong khi theo ước tính vào năm 2016 thì con số này đã tăng lên khoảng gần 110.506 người. Thành phố nằm dọc bờ sông Merrimack tại Hạt Hillsborough và được chia làm hai phần phía đông và phía tây bởi dòng sông này chảy qua đó. Manchester nằm gần cực bắc của vùng đô thị Đông Bắc Hoa Kỳ (Northeast megalopolis). Tên gọi ban đầu của nó được đặt bởi nhà buôn bán kiêm nhà phát minh Samuel Blodget (người mà công viên Samuel Blodget Park cùng đường Blodget Street thuộc khu North End của Manchester đều mang tên ông) với tham vọng biến nơi đây trở thành trung tâm công nghiệp mới giống như Manchester nguyên thủy tại Anh quốc vốn từng là đô thị công nghiệp hóa đầu tiên trên thế giới trước đó nhiều thời gian dài",,
5ae268f35542994d89d5b416,A_likely_ok,Công việc chung của Alfred Santell và David Fincher là gì?,What job do both Alfred Santell and David Fincher have in common?,director,giám đốc,Alfred Santell,"Alfred Santell
Alfred Allen Santell còn được biết đến với tên gọi Al Santell (sinh ngày 14 tháng 9 năm 1895 ở San Francisco, California) là một đạo diễn và nhà sản xuất phim người Mỹ.
David Fincher
David Andrew Leo Fincher (sinh 28 tháng 8 năm 1962) là một đạo diễn và nhà sản xuất phim người Mỹ, đặc biệt nổi tiếng với những bộ phim điện ảnh, truyền hình và video âm nhạc. Ông đã được đề cử giải Oscar cho đạo diễn xuất sắc nhất cho ""The Curious Case of Benjamin Button"" (năm 2008) và ""The Social Network"" (năm 2010). Với tác phẩm sau ông đã đoạt giải Quả cầu vàng cho Đạo diễn xuất sắc nhất và Giải BAFTA cho Đạo diễn xuất sắc nhất.",,
5a7dacff5542991319bc93e0,A_likely_ok,Tên gọi Pietro Colonna Galatino đôi khi được dùng để chỉ ai?,To whom does the term Pietro Colonna Galatino is sometimes referred to as the inventor of refer?,the God of Israel,Đức Chúa Trời của Israel,"Jehovah ( ) là cách đọc theo tiếng Latin của tên gọi YHWH trong tiếng Hebrew, một trong bảy cái tên riêng của Đức Chúa Trời Israel trong Kinh Thánh.","Pietro Colonna Galatino
Pietro Colonna Galatino (1460- 1540), còn được biết đến với tên Petrus Galatinus, là một tu sĩ dòng Phanxicô, triết gia, nhà thần học và phương Đông học người Ý. Đôi khi ông còn được gọi là ""người phát minh ra"" thuật ngữ Jehovah bằng tiếng Latin; tuy nhiên điều này không chính xác. Cách phát âm ""Jehovah"" xuất hiện do kết hợp từ bốn chữ cái YHWH với các nguyên âm của Adonai mà những người Masoretes Do Thái đã thêm vào văn bản tiếng Hê-bơ-rơ để nhắc nhở độc giả không phát âm Thánh danh của Chúa YHWH mà thay thế đọc thành Adonai có nghĩa là ""Chúa"".
Giê-hô-va
Jehovah ( ) là cách đọc theo tiếng Latin của tên gọi YHWH trong tiếng Hebrew, một trong bảy cái tên riêng của Đức Chúa Trời Israel trong Kinh Thánh.",,
5a71474b5542994082a3e74f,A_likely_ok,"Điều gì đã được kích hoạt bởi việc từ chức của Stephen Phillips, Nghị sĩ Đảng Bảo thủ vào ngày 4 tháng 11 năm 2016 và khi nào Caroline Johnson trở thành nghị sỹ?",What was triggered by the resignation of Conservative MP Stephen Phillips on 4 November 2016 and was when Caroline Johnson became a Member of Parliament?,The Sleaford and North Hykeham by-election,Cuộc bầu cử phụ của Sleaford và North Hykeham,Bầu cử Sleaford and North Hykeham năm 2016,"Caroline Johnson
Caroline Elizabeth Johnson (sinh năm 1978) là một chính trị gia Đảng Bảo thủ Anh và bác sĩ nhi khoa tư vấn. Bà đã trở thành Nghị viện (MP) cho Sleaford và North Hykeham kể từ cuộc bầu cử bổ sung tại đó vào ngày 8 tháng 12 năm 2016.
Bầu cử Sleaford and North Hykeham năm 2016
Bầu cử Sleaford and North Hykeham là một cuộc bầu cử bổ sung ở Anh tại khu vực bầu cử của Quốc hội tại Sleaford và Bắc Hykeham được tổ chức vào ngày 8 tháng 12 năm 2016. Nó được kích hoạt bởi việc từ chức của Stephen Phillips, Nghị sĩ Đảng Bảo thủ vào ngày 4 tháng 11 năm 2016. Đây là cuộc bầu cử đầu tiên kể từ sau cuộc bầu cử Lincoln năm 1973 mà tình hình quan hệ giữa Vương quốc Anh với Châu Âu cũng từng là vấn đề chính trong thời điểm đó.",,
5ae1dac85542997283cd229a,A_likely_ok,"Câu lạc bộ bóng đá nào, được thành lập năm 1949, đã có một thời gian cho mượn Mitch Duggan trước khi gia nhập Tranmere Rovers?","For which football club, established in 1949, did Mitch Duggan have a loan spell prior to joining Tranmere Rovers?",Warrington Town Football Club,Câu lạc bộ bóng đá Warrington Town,Câu lạc bộ bóng đá Warrington,"Mitch Duggan
Mitchell ""Mitch"" Duggan (sinh ngày 20 tháng 3 năm 1997) là một cầu thủ bóng đá thi đấu ở vị trí tiền vệ hoặc hậu vệ cánh cho Tranmere Rovers. Anh từng có thời gian cho mượn tại Warrington Town và Marine..
Câu lạc bộ bóng đá Warrington
Câu lạc bộ bóng đá Warrington là một câu lạc bộ bóng đá ở Anh có trụ sở tại Warrington, Cheshire. Họ thành lập vào năm 1949 dưới tên Stockton Heath và nhận tên hiện tại vào năm 1961.",,
5a732ca45542992359bc325d,A_likely_ok,Cuộc xung đột nào liên quan đến nhóm người Mende kéo dài trong 11 năm?,Which conflict involving the Mende ethnic group lasted for eleven years?,Sierra Leone Civil War,Cuộc nội chiến Sierra Leone,Nội chiến Sierra Leone,"Lực lượng Dân quân Tự vệ
Lực lượng Dân quân (CDF) là một tổ chức bán quân sự đã tham gia chiến tranh tại Sierra Leone. Nó ủng hộ chính phủ được bầu cử của Ahmed Tejan Kabbah chống lại các nhóm nổi dậy Mặt trận Liên minh Cách mạng (RUF) và Hội đồng Quân đội Cách mạng (AFRC). Phần lớn CDF được tạo thành bởi nhóm Kamajors, đây là một bộ phận của nhóm dân tộc Mende rộng lớn hơn. Các Kamajors tin vào nhiều cách thức ma thuật để tự bảo vệ mình, chẳng hạn như nghi lễ tạo ra làn da không thể bị đạn xuyên qua.
Nội chiến Sierra Leone
Nội chiến Sierra Leone (1991–2002) bắt đầu vào ngày 23 tháng 3 năm 1991 khi Mặt trận Liên minh Cách mạng, với sự hỗ trợ của lực lượng đặc biệt thuộc Mặt trận Yêu nước Quốc gia Liberia (NPFL) của Charles Taylor can thiệp vào Sierra Leone nhằm lật đổ chính phủ Joseph Momoh. Cuộc nội chiến sau đó kéo dài trong thời gian hơn một thập kỷ bao trùm toàn bộ đất nước và để lại khoảng trên 50.000 người chết",,
5abdaa0f55429965af743dad,A_likely_ok,Phân đoàn mà người dân từ phân đoàn do Thiếu tướng Robert Walker Grow ban đầu đến từ đâu?,Which division did people from the division Major General Robert Walker Grow commanded originally come from?,2nd Armored Division,Đội bọc thép thứ hai,Nó được thành lập với khung nhân viên từ Bộ binh Thiết giáp số 2.,"Robert W. Grow
Thiếu tướng Robert Walker Grow (ngày 14 tháng 2 năm 1895 – ngày 3 tháng 11 năm 1985) là một sĩ quan cao cấp của Quân đội Hoa Kỳ đã chỉ huy Sư đoàn Thiết giáp số 6 trong Thế chiến II. Ông được biết đến nhiều nhất với việc bị tòa án quân sự vào năm 1951 vì không bảo vệ thông tin mật.
6th Armored Division (Hoa Kỳ)
Bộ binh số 6 (""Siêu lục"") là một bộ binh thiết giáp của Quân đội Hoa Kỳ trong Thế chiến II. Nó được thành lập với khung nhân viên từ Bộ binh Thiết giáp số 2. Bộ binh số 6 được hình thành dưới Bảng tổ chức và Trang bị năm 1942.",,
5ae25c815542992decbdcccc,A_likely_ok,"Bộ ba nhạc sĩ sáng tác bài hát ""What Are We Doin' Lonesome"" là ai?","What trio was the songwriter of ""What Are We Doin' Lonesome"" from?",trio with his younger brothers Steve and Rudy,ba người với anh em nhỏ Steve và Rudy,"Là một thành viên của nhóm ba người cùng với Steve và Rudy, anh đã đạt được thành công đáng kể trong thể loại âm nhạc đồng quê, biểu diễn trên ba mươi ba đĩa đơn Top 40 (kết hợp các bản thu âm solo của anh ấy và những bản thu âm với các anh em trai).","Chúng ta đang làm gì ở nơi đây cô đơn
""What Are We Doin' Lonesome"" là một bài hát được sáng tác bởi Larry Gatlin, và thu âm bởi nhóm nhạc đồng quê Mỹ Larry Gatlin & the Gatlin Brothers Band. Bài hát đã phát hành vào tháng 10 năm 1981 như đĩa đơn đầu tiên từ album ""Not Guilty"". Bài hát đạt vị trí số 4 trên bảng xếp hạng Billboard Hot Country Singles & Tracks.
Larry Gatlin
Larry Wayne Gatlin (sinh ngày 2 tháng 5 năm 1948) là một ca sĩ và nhạc sĩ nhạc đồng quê và thánh ca miền Nam Hoa Kỳ. Là một thành viên của nhóm ba người cùng với Steve và Rudy, anh đã đạt được thành công đáng kể trong thể loại âm nhạc đồng quê, biểu diễn trên ba mươi ba đĩa đơn Top 40 (kết hợp các bản thu âm solo của anh ấy và những bản thu âm với các anh em trai). Khi danh tiếng của họ lớn lên, ban nhạc trở nên được biết đến như Larry Gatlin & the Gatlin Brothers.",,
5ae1436e55429901ffe4ae31,A_likely_ok,Emmett Brown lái một chiếc xe thể thao có loại cửa gì?,Emmett Brown rides in a sports car that features what type of doors?,gull-wing doors,cửa cánh con lúa,"Chiếc xe có cửa kiểu cánh seagull và thân xe làm bằng sợi thủy tinh sáng bóng với khung gầm thép, cùng với các tấm thân xe bên ngoài bằng thép không gỉ.","Emmett Brown
Emmett Lathrop ""Doc"" Brown, Ph.D., là một nhân vật hư cấu trong bộ phim Back to the Future gồm ba tập mà ông là nhà phát minh ra cỗ máy thời gian đầu tiên từ chiếc xe thể thao DeLorean. Nhân vật này do Christopher Lloyd thủ vai trong cả ba tập phim cũng như các cảnh quay trực tiếp của loạt truyện hoạt hình dựa trên bộ phim. Ông được lồng tiếng bởi Dan Castellaneta trong loạt truyện hoạt hình dựa trên bộ phim. Hình dáng và hành động của nhân vật này được lấy cảm hứng từ Leopold Stokowski và Albert Einstein. Năm 2008, tạp chí Empire bầu chọn Tiến sĩ Emmett Brown vào danh sách 100 nhân vật điện ảnh hay nhất mọi thời đại với vị trí thứ 20.
DeLorean DMC-12
DeLorean DMC-12 (thường được gọi đơn giản là ""the DeLorean"", vì đây là mẫu xe duy nhất từng được sản xuất bởi công ty) là một chiếc ô tô thể thao được chế tạo bởi DeLorean Motor Company của John DeLorean cho thị trường Mỹ từ 1981–83. Chiếc xe có cửa kiểu cánh seagull và thân xe làm bằng sợi thủy tinh sáng bóng với khung gầm thép, cùng với các tấm thân xe bên ngoài bằng thép không gỉ. Nó trở nên nổi tiếng và mang tính biểu tượng về mặt hình dáng, và một phiên bản DMC-12 đã được cải tiến để trở thành cỗ máy thời gian trong loạt phim truyền thông ""Back to the Future"".",,
5aba9db7554299232ef4a361,A_likely_ok,Từ 2003 đến 2008 Tom Holland chịu trách nhiệm về điều gì?,From 2003 to 2008 Tom Holland was responsible for what  ?,for crafting and voting on legislation,cho việc xây dựng và bỏ phiếu về luật pháp,"Được bầu từ các khu vực dân cư tương đối đồng đều với ít nhất 19,000 người, các thành viên Hạ viện chịu trách nhiệm xây dựng và bỏ phiếu về luật lệ, giúp tạo ra ngân sách cho bang cũng như giám sát hành chính các cơ quan nhà nước.","Tom Holland (chính trị gia)
Tom Holland (sinh ngày 23 tháng 7 năm 1961) là một thành viên đảng Dân chủ của Thượng viện Kansas, đại diện cho quận số 3 kể từ năm 2009. Ông từng là một thành viên của Hạ viện bang Kansas từ năm 2003 đến năm 2008.
Hạ viện bang Kansas
Hạ viện Kansas là cơ quan lập pháp của bang Kansas. Được bầu từ các khu vực dân cư tương đối đồng đều với ít nhất 19,000 người, các thành viên Hạ viện chịu trách nhiệm xây dựng và bỏ phiếu về luật lệ, giúp tạo ra ngân sách cho bang cũng như giám sát hành chính các cơ quan nhà nước.",,
5abfa5fb5542990832d3a183,A_likely_ok,"Nơi nào ở Emilia-Romagna là thành phố và ""comune"" mà họa sỹ Phục hưng người Ý; Ludovico Mazzolino đặt tại","Where is the  city and ""comune"" in Emilia-Romagna in which talian Renaissance painter ;Ludovico Mazzolino located ","northern Italy,","miền bắc Ý,",Ludovico Mazzolino,"Ludovico Mazzolino
Ludovico Mazzolino (1480 – c. 1528) - còn được biết đến với tên gọi Mazzolini da Ferrara, Lodovico Ferraresa, và Il Ferrarese - là một họa sĩ thời Phục hưng người Ý hoạt động tại Ferrara và Bologna.
Ferrara
Ferrara [1] (tiếng Emilian: Frara) là một thành phố và ""comune"" ở vùng Emilia-Romagna, miền bắc nước Ý, thủ phủ của tỉnh Ferrara. Thành phố nằm cách Bologna 50 km về phía đông bắc trên dòng Po di Volano, một nhánh của dòng sông chính Po chạy từ phía nam đến đây. Thành phố có những con đường rộng lớn cùng nhiều cung điện cổ kính từ thế kỷ XIV và XV khi nơi này từng là kinh đô thời nhà Este trị vì. Nhờ vẻ đẹp và tầm quan trọng văn hóa mà nó đã được UNESCO công nhận là Di sản thế giới.",,
5ab900045542991b5579f0c0,A_likely_ok,"Địa điểm tổ chức buổi hòa nhạc nơi diễn ra lần đầu tiên ""Libuše"" được biểu diễn ở Mỹ là ở đâu?","Where is the concert venue which hosted the first US performance of ""Libuše"" located?","Midtown Manhattan in New York City,","Trung tâm Manhattan ở thành phố New York,","Carnegie Hall (; thường được gọi là ) là một địa điểm hòa nhạc ở Manhattan, New York City, Hoa Kỳ.","Libuše (hát kịch)
""Libuše"" là vở ""hành ca kịch"" ba hồi, với phần nhạc của Bedřich Smetana. Lời bài hát được viết bằng tiếng Đức bởi Josef Wenzig và sau đó được dịch sang tiếng Séc bởi Ervin Špindler. Trong thần thoại lịch sử Séc, Libuše - nhân vật chính đã tiên tri về việc thành lập Praha. Tác phẩm opera này được sáng tác trong năm 1871-72 để kỷ niệm lễ đăng quang của Franz Josef làm vua của nước Séc. Sự kiện này không xảy ra và Smetana giữ lại ""Libuše"" cho buổi khai mạc Nhà hát Quốc gia ở Prague vào chín năm sau đó vào ngày 11 tháng Sáu năm 1881. Sau khi Nhà hát Quốc gia bị phá hủy vì hỏa hoạn, cùng một vở opera này đã mở màn tại nhà hát đã được xây dựng lại vào năm 1883. Buổi biểu diễn đầu tiên tại Mỹ diễn ra vào tháng Ba năm 1986, trong một phiên bản hòa nhạc tại Carnegie Hall do Eve Queler và dàn nhạc Opera New York trình diễn.
Nhà hát Carnegie
Carnegie Hall (; thường được gọi là ) là một địa điểm hòa nhạc ở Manhattan, New York City, Hoa Kỳ. Nó nằm tại số 881 Đại lộ Thứ Bảy (Seventh Avenue), chiếm phần phía đông của Đại lộ Thứ Bảy giữa phố Tây 56 và Tây 57, cách Công viên Trung tâm hai dãy nhà về phía nam.",,
5a73c958554299623ed4ac5c,A_likely_ok,Đội bóng mà Isaac Gómez đã từng là tiền vệ có nằm trong cộng đồng nào?,What community is the team Isaac Gómez played midfielder for located?,the autonomous community of Madrid,Cộng đồng tự trị của Madrid,"Club de Fútbol Fuenlabrada, S.A.D là một câu lạc bộ bóng đá Tây Ban Nha có trụ sở tại Fuenlabrada, ở cộng đồng tự trị Madrid.","Isaac Gómez
Isaac Gómez Sánchez (sinh ngày 28 tháng 10 năm 1995), thường được biết đến với tên Isi, là một cầu thủ bóng đá người Tây Ban Nha thi đấu cho CF Fuenlabrada ở vị trí tiền vệ.
CF Fuenlabrada
Club de Fútbol Fuenlabrada, S.A.D là một câu lạc bộ bóng đá Tây Ban Nha có trụ sở tại Fuenlabrada, ở cộng đồng tự trị Madrid. Được thành lập vào năm 1975 nó chơi ở Segunda División B - Nhóm 1, tổ chức các trận đấu trên sân nhà tại ""Estadio Fernando Torres"", với sức chứa 2.500 chỗ ngồi.",,
5a7fc8d05542992e7d278d86,A_likely_ok,"Thành viên nào của Không Quân đã ở phía sau các tuyến quân địch trong 11 ngày rưỡi và có nhiệm vụ giải cứu lớn nhất, dài nhất và phức tạp nhất?","Which Air Force member was behind enemy lines for 11 1/2 days and had the largest,longest and most complex rescue mission?","Lieutenant Colonel Iceal E. ""Gene"" Hambleton","Trung tá Iceal E. ""Gene"" Hambleton",Đại úy Iceal E.,"Giải cứu con dơi 21 Bravo
Giải cứu Bat 21 Bravo, tên gọi của Iceal ""Gene"" Hambleton, từ phía sau các đường phòng thủ Bắc Việt Nam là chiến dịch tìm kiếm và giải cứu lớn nhất trong Chiến tranh Việt Nam.
Iceal Hambleton
Đại úy Iceal E. ""Gene"" Hambleton, Không quân Hoa Kỳ (ngày 16 tháng 11 năm 1918 – ngày 19 tháng 9 năm 2004) là một người dẫn đường và sĩ quan chiến tranh điện tử của Không quân Hoa Kỳ bị bắn rơi ở Nam Việt Nam trong Chiến dịch Phục sinh vào năm 1972. Ông đã đi trên một chiếc máy bay EB-66 với mã gọi Bat 21. Là thành viên cao cấp nhất về điều hướng/EWO trên máy bay, ông ngồi ngay sau phi công, cho ông cái tên gọi ""Bat Bravo"". Ông sống sót được hơn nửa ngày phía sau các tuyến địch cho đến khi được giải cứu trong một hoạt động mặt đất táo bạo. Cuộc giải cứu của ông là cuộc tìm kiếm và giải cứu kéo dài nhất và tốn kém nhất trong suốt Chiến tranh Việt Nam. Ông nhận được Huân chương Ngôi sao Bạc, Huân chương Chuyến bay Xuất sắc, Huy chương Không quân Hoa Kỳ, Huân chương Dịch vụ Công đức và Tim Tím vì hành động của mình trong nhiệm vụ này",,
5ab36c3f55429969a97a8146,A_likely_ok,Ai thiết kế nhà hát mà dàn nhạc Giao hưởng London biểu diễn?,Who designed the theater where the London Philharmonic Orchestra plays? ,theatrical architect Frank Matcham,Kiến trúc sư sân khấu Frank Matcham,"Được khai trương vào ngày 24 tháng 12 năm 1904 dưới tên gọi Nhà hát Variety London Coliseum, nó do kiến trúc sư nhà hát Frank Matcham thiết kế cho ông bầu Oswald Stoll.","Sống ở London (Il Divo)
Live in London là một video về buổi hòa nhạc của nhóm crossover cổ điển tiếng Anh ""Il Divo"" tại London Coliseum, Luân Đôn vào ngày 1 tháng 8 năm 2011, cùng với dàn nhạc giao hưởng London.
Nhà hát London Coliseum
Nhà hát London Coliseum (còn được biết đến với tên gọi Nhà hát Coliseum) là một nhà hát tại đường St. Martin's Lane, trung tâm London, được xây dựng như một trong những nhà hát “gia đình” sang trọng và lớn nhất của thành phố. Được khai trương vào ngày 24 tháng 12 năm 1904 dưới tên gọi Nhà hát Variety London Coliseum, nó do kiến trúc sư nhà hát Frank Matcham thiết kế cho ông bầu Oswald Stoll. Mục tiêu của họ là xây dựng ra phòng hòa nhạc tốt nhất và lớn nhất thời đó, được mô tả như cung điện giải trí dành cho dân chúng.",,
5a758f775542992db9473682,A_flexible_span,Jamil Walker sinh ra ở thành phố có bao nhiêu dân cư?,Jamil Walker was born in a city with how many residents ?,"over 210,000 residents",hơn 210.000 cư dân,"Đây là thành phố đông dân thứ ba ở tiểu bang New York với hơn 210,000 cư dân và khu vực đô thị có gần 1.1 triệu người.","Jamil Walker
Jamil Walker (sinh ngày 21 tháng 4 năm 1981 tại Rochester, New York) là một tiền đạo và tiền vệ bóng đá người Mỹ đã giải nghệ, từng chơi chuyên nghiệp ở giải Major League Soccer và USL First Division.
Rochester, New York
Rochester (hoặc) là một thành phố nằm trên bờ nam của hồ Ontario thuộc bang New York. Đây là thành phố đông dân thứ ba ở tiểu bang New York với hơn 210,000 cư dân và khu vực đô thị có gần 1.1 triệu người.",,
5ab2a292554299194fa93496,A_likely_ok,Bộ phim lãng mạn Ấn Độ năm 2007 có sự tham gia của Kareena Kapoor và Shahid Kapoor được sản xuất bằng ngôn ngữ nào?,In what language was the 2007 Indian romantic drama staring Kareena Kapoor and Shahid Kapoor produced in? ,Partly Punjabi,Một phần là tiếng Punjabi,"Phần tiếng Punjab: Singh Is Kinng "", Jab We Met"", Patiala House "", Thande Koyle """" Bộ phim này là sự kết hợp đồng đều giữa ba loại ngôn ngữ : Hindi , Punjabi và Urdu","Danh sách phim Bollywood
Đây là một danh sách các bộ phim được sản xuất bởi ngành công nghiệp điện ảnh Mumbai được sắp xếp theo năm và thập kỷ phát hành. Mặc dù những bộ ""Bollywood"" thường được liệt kê dưới ngôn ngữ Hindi, hầu hết chúng đều ở tiếng Hindi với một phần Urdu và Punjabi và thỉnh thoảng có cả các ngôn ngữ khác nữa. Phim Bollywood có thể đạt được sự phân phối trên toàn quốc trong ít nhất 22 bang của Ấn Độ về tổng số 29 bang. Những người nói tiếng Hindi, Urdu, và Punjabi hiểu sử dụng pha trộn của ngôn ngữ Bollywood như vậy mở rộng khán giả đến mọi người trên khắp tiểu lục địa Ấn Độ (trên khắp Ấn Độ cùng các nước láng giềng). Dưới đây là vài ví dụ - Phần tiếng Anh: ""Om Shanti Om"", ""Dhoom 2"" and ""No Entry"". Phần tiếng Urdu: ""Jodhaa Akbar"", ""Fanaa"", ""Saawariya"" and ""Kurbaan"". Phần tiếng Punjab: Singh Is Kinng "", Jab We Met"", Patiala House "", Thande Koyle """" Bộ phim này là sự kết hợp đồng đều giữa ba loại ngôn ngữ : Hindi , Punjabi và Urdu
Khi chúng ta gặp nhau
Jab We Met (tiếng Anh: ""Khi Chúng Tôi Gặp Nhau"") là một bộ phim lãng mạn Ấn Độ năm 2007 do Imtiaz Ali đạo diễn và viết kịch bản. Phim được sản xuất bởi Dhillin Mehta dưới sự chỉ đạo của Shree Ashtavinayak Cinevision Ltd, với các diễn viên chính Kareena Kapoor và Shahid Kapoor trong bộ phim thứ tư cùng nhau đóng vai trò hỗ trợ cho Dara Singh, Pavan Malhotra và Saumya Tandon.",,
5abdf1fe55429976d4830a31,A_likely_ok,Peter Dhao đã tạo ra một trang web phản ánh quan điểm trên toàn thế giới. Câu khẩu hiệu của trang web mà ông ta sáng lập là gì?,Peter Dhao created a websiteto reflect worldwide views. What was the slogan of the site he created ?,media for the 65.8 million,"truyền thông cho 65,8 triệu","Lời giới thiệu trên trang web cho biết đây là “phương tiện truyền thông dành cho 65,8 triệu người”, đề cập đến số phiếu mà Hillary Clinton giành được trong cuộc bầu cử tổng thống năm 2016.","Peter Daou
Peter Daou là người sáng lập Verrit, cựu giám đốc điều hành Shareblue và là thành viên của ban nhạc The Daou.
Verrit
Lời giới thiệu trên trang web cho biết đây là “phương tiện truyền thông dành cho 65,8 triệu người”, đề cập đến số phiếu mà Hillary Clinton giành được trong cuộc bầu cử tổng thống năm 2016. Daou, một cố vấn của chiến dịch tranh cử vào chức vụ Tổng thống của bà Clinton vào năm 2008 và trước đó là Giám đốc điều hành của Shareblue đã nói với ""Business Insider"" rằng ông muốn trang web này phản ánh thế giới quan những người đã bỏ phiếu ủng hộ bà Clinton và mô tả nó như một trung tâm trực tuyến để những người ủng hộ bà có thể dễ dàng chia sẻ các sự kiện, số liệu thống kê và các thông tin khác mà họ có thể đưa ra mạng xã hội khi đang tranh luận về các vấn đề chính trị. Daou cũng nói rằng trang web không hề có liên kết tài chính nào với bà Clinton.",,
5ade450b5542997c77adedc5,A_likely_ok,"Manchester, New Hampshire là một phần của khu vực đô thị lớn ở vùng Đông Bắc bao gồm những thành phố nào?","Manchester, New Hampshire is a part of the Northeast megalopolis which included what other major cities?","Boston, Providence, Hartford, New York City, Philadelphia, Wilmington, Baltimore, and Washington, D.C.","Boston, Providence, Hartford, New York City, Philadelphia, Wilmington, Baltimore và Washington, DC","Nó bao gồm các thành phố lớn như Boston, Providence, Hartford, Thành phố New York, Philadelphia, Wilmington và Baltimore cùng với những khu vực đô thị và vùng ngoại ô cũng như nhiều trung tâm đô thị nhỏ hơn.","Manchester, New Hampshire
Manchester là thành phố lớn nhất ở bang New Hampshire, Hoa Kỳ, và là thành phố lớn thứ 11 ở New England. Tính đến năm 2016, đây cũng là thành phố lớn nhất ở miền bắc New England - khu vực bao gồm các bang Maine, New Hampshire và Vermont. Theo điều tra dân số năm 2010 của Mỹ thì Manchester có dân số hơn 109.565 người; trong khi theo ước tính vào năm 2016 thì con số này đã tăng lên khoảng gần 110.506 người. Thành phố nằm dọc bờ sông Merrimack tại Hạt Hillsborough và được chia làm hai phần phía đông và phía tây bởi dòng sông này chảy qua đó. Manchester nằm gần cực bắc của vùng đô thị Đông Bắc Hoa Kỳ (Northeast megalopolis). Tên gọi ban đầu của nó được đặt bởi nhà buôn bán kiêm nhà phát minh Samuel Blodget (người mà công viên Samuel Blodget Park cùng đường Blodget Street thuộc khu North End của Manchester đều mang tên ông) với tham vọng biến nơi đây trở thành trung tâm công nghiệp mới giống như Manchester nguyên thủy tại Anh quốc vốn từng là đô thị công nghiệp hóa đầu tiên trên thế giới trước đó nhiều thời gian dài
Megalopolis Đông Bắc
Megalopolis Đông Bắc (còn được gọi là Boston–Washington Corridor hay Bos-Wash Corridor) là khu vực đô thị hóa lớn nhất tại Hoa Kỳ, trải dài theo hướng đông bắc đến tây nam từ vùng ngoại ô phía bắc của Boston, Massachusetts cho tới vùng ngoại ô phía nam của Washington, D.C., ở Bắc Virginia. Nó bao gồm các thành phố lớn như Boston, Providence, Hartford, Thành phố New York, Philadelphia, Wilmington và Baltimore cùng với những khu vực đô thị và vùng ngoại ô cũng như nhiều trung tâm đô thị nhỏ hơn.",,
5ae537895542990ba0bbb234,A_likely_ok,Thành phố Kellyville Ridge nằm ở đâu?,Where does the city situated where Kellyville Ridge is located?,on the Cumberland Plain,trên đồng bằng Cumberland,"Kellyville Ridge, New South Wales","Kellyville Ridge, New South Wales
Kellyville Ridge là một khu ngoại ô thuộc Sydney, nằm ở bang New South Wales, Úc. Kellyville Ridge cách trung tâm kinh doanh của Sydney 41 km về phía tây bắc trong vùng chính quyền địa phương của Thành phố Blacktown. Nó là một phần của Tây Bắc Sydney lớn hơn.
Thành phố Blacktown
Thành phố Blacktown là một khu vực chính quyền địa phương ở phía Tây Sydney, nằm trên vùng đồng bằng Cumberland, cách trung tâm kinh doanh của Sydney khoảng 35 km về phía Tây. Thành phố này có diện tích 246,9 km² và dân số năm 2016 là 336.962 người.",,
5a808cbd5542996402f6a54b,A_likely_ok,"Nghề nghiệp của nhân vật do Ansel Elgort thủ vai trong phim ""Baby Driver"" là gì?","What is the profession of Ansel Elgort's character in ""Baby Driver?""",getaway driver,lái xe chạy trốn,Baby Driver,"Ansel Elgort
Ansel Elgort (sinh ngày 14 tháng 3 năm 1994) là một diễn viên, ca sĩ và DJ người Mỹ (dưới tên Ansølo). Là một diễn viên phim ảnh, anh đã thủ vai Tommy Ross trong bộ phim kinh dị ""Carrie"" (2013), Caleb Prior trong loạt phim ""The Divergent Series"", Augustus Waters trong bộ phim lãng mạn dành cho thiếu niên ""The Fault in Our Stars"" (2014), và nhân vật chính trong bộ phim hành động của Edgar Wright mang tên ""Baby Driver"" (2017).
Baby Driver
Baby Driver là một bộ phim hài hành động tội phạm năm 2017 được viết và đạo diễn bởi Edgar Wright. Phim có sự tham gia của Ansel Elgort, Kevin Spacey, Lily James, Eiza González, Jon Hamm, Jamie Foxx và Jon Bernthal. Nội dung xoay quanh Baby - một tài xế trẻ tuổi yêu nhạc phải làm việc cho trùm tội phạm. Phim được biết đến nhiều nhất với những cảnh quay phối hợp nhịp nhàng giữa các diễn viên với nhạc nền phim.",,
5a7b3fc155429931da12ca3a,A_likely_ok,"Wexner Graduate Fellowships được trao cho những sinh viên thể hiện khả năng ""lãnh đạo"" hay dẫn dắt ai?","Wexner Graduate Fellowships are given to students who show an ability of an individual to ""lead"" or guide who?","other individuals, teams, or entire organizations","Những cá nhân, nhóm hoặc tổ chức khác","Lãnh đạo là một lĩnh vực nghiên cứu và cũng là một kỹ năng thực tiễn bao gồm khả năng của cá nhân hoặc tổ chức để ""lãnh đạo"" hay hướng dẫn các cá nhân khác, đội ngũ công tác, hay toàn bộ tổ chức.","Wexner Graduate Fellowship
Chương trình học bổng Wexner dành cho sinh viên tốt nghiệp đang hướng đến sự nghiệp liên quan đến Do Thái giáo. Chương trình lựa chọn 20 sinh viên chuẩn bị cho các nghề nghiệp trong lĩnh vực hoạt động tôn giáo, nghiên cứu học thuật về Do Thái giáo và phục vụ cộng đồng người Do Thái. Học bổng Wexner được trao cho những sinh viên có cam kết mạnh mẽ với cộng đồng người Do Thái, có thành tích học tập xuất sắc và thể hiện tiềm năng trở thành những nhà lãnh đạo.
Lãnh đạo
Lãnh đạo là một lĩnh vực nghiên cứu và cũng là một kỹ năng thực tiễn bao gồm khả năng của cá nhân hoặc tổ chức để ""lãnh đạo"" hay hướng dẫn các cá nhân khác, đội ngũ công tác, hay toàn bộ tổ chức. Văn học tranh luận về nhiều quan điểm: đối nghịch giữa phương pháp tiếp cận lãnh đạo ở phương Đông và phương Tây, và trong phương Tây thì có sự phân biệt giữa Mỹ và châu Âu. Môi trường học thuật Hoa Kỳ định nghĩa lãnh đạo như ""một quá trình ảnh hưởng xã hội nơi mà người nào đó có thể huy động sự giúp đỡ và ủng hộ từ những người khác nhằm hoàn thành nhiệm vụ chung"". Lãnh đạo được nhìn nhận dưới góc độ châu Âu và không phải học thuật bao gồm quan niệm về nhà lãnh đạo có thể bị thúc đẩy không chỉ bởi mục tiêu cộng đồng mà còn bởi cả khát vọng quyền lực cá nhân.",,
5ae375955542990afbd1e15d,A_likely_ok,"nhóm được gọi là gì mà Dianne Morgan và Joe Wilkinson là một phần của trong bộ phim hài của BBC ""Two Episodes of Mash""","what is the group called that Dianne Morgan and Joe Wilkinson a part of in the BBC comedy ""Two Episodes of Mash""",the deadpan sketch group,nhóm phác thảo deadpan,Trực tiếp tại Điện,"Trực tiếp tại Điện
Live at the Electric là một bộ phim hài của Anh được phát sóng trên BBC Three từ ngày 31 tháng 5 năm 2012. Chương trình do diễn viên hài Russell Kane dẫn chương trình và biểu diễn giữa các tiết mục hài kịch từ nhiều nghệ sĩ như Joe Wilkinson và Diane Morgan trong vở đôi ""Two Episodes of Mash"". Bộ phim còn có sự tham gia của cặp đôi hài hước Totally Tom làm hậu trường cho chương trình. Tập thứ hai bắt đầu vào ngày 4 tháng 7 năm 2013 và kết thúc vào ngày 22 tháng Tám năm đó. Tập thứ ba bắt đầu vào ngày mùng một tháng Giêng năm nay
Diane Morgan
Diane Morgan (1976) là một nữ diễn viên, diễn viên hài và nhà văn người Anh. Cô đã xuất hiện trong loạt phim hài của BBC ""Mock the Week"" và ""Charlie Brooker's Weekly Wipe"" và dẫn chương trình phim tài liệu giả tưởng ""Cunk on Christmas"" cũng như ""Cunk on Shakespeare"", với nhân vật hài Philomena Cunk. Cô cũng hợp tác cùng nam diễn viên hài Joe Wilkinson trong nhóm kịch deadpan mang tên ""Two Episodes of Mash"".",,
5a8494b15542991dd0999d35,A_likely_ok,"Tạp chí nào được thành lập trước, Allure hay Genre?","Which magazine was founded first, Allure or Genre?",Allure is an American women’s beauty magazine,Allure là một tạp chí nữ Mỹ về vẻ đẹp,"Allure là một tạp chí làm đẹp dành cho phụ nữ của Mỹ, được xuất bản hàng tháng bởi Conde Nast ở thành phố New York.","Allure (tạp chí)
Allure là một tạp chí làm đẹp dành cho phụ nữ của Mỹ, được xuất bản hàng tháng bởi Conde Nast ở thành phố New York. Nó được thành lập vào năm 1991 bởi Linda Wells. Michelle Lee thay thế Wells vào năm 2015. Một đặc trưng của tạp chí này là giải thưởng Beauty Best of Beauty – những lời khen ngợi được trao trong số báo ra vào tháng Mười cho các sản phẩm làm đẹp mà theo nhân viên của tạp chí là tốt nhất.
Thể loại (tạp chí)
Genre là một tạp chí hàng tháng có trụ sở tại thành phố New York từ năm 1992 đến năm 2009 dành cho những người đàn ông đồng tính. Tạp chí này thuộc sự quản lý của Nhà xuất bản báo đồng tính Window Media.",,
5ae7a9765542994a481bbdbc,A_likely_ok,Tên chính thức của Đạo luật Chính phủ Ireland 1920 có liên quan đến đạo Hồi tại Bắc Ireland là gì?,What is the long name of the Government of Ireland Act 1920 that relates to Islam in Northern Ireland?,An Act to provide for the better government of Ireland,Một đạo luật để cung cấp cho chính phủ tốt hơn của Ireland,"Danh sách chính thức của Đạo luật này là ""Đạo Luật nhằm quy định về việc quản lý tốt hơn cho Ireland""; nó còn được biết đến với tên gọi Dự án Luật Tự trị lần thứ tư hay, ít khi được sử dụng, Đạo Luật Tự trị lần thứ tư.","Đạo Hồi ở Bắc Ireland
Islam ở Bắc Ireland chi tiết về đạo Hồi tại Bắc Ireland từ khi nó được thành lập như một quốc gia riêng biệt trong Vương quốc Anh vào ngày 3 tháng 5 năm 1921, theo Đạo luật Chính phủ của Ireland năm 1920.
Đạo luật Chính phủ Ireland 1920
Đạo luật Chính phủ Ireland 1920 (10 & 11 Geo. 5 c.67) là một Đạo luật của Quốc hội Vương quốc Anh. Danh sách chính thức của Đạo luật này là ""Đạo Luật nhằm quy định về việc quản lý tốt hơn cho Ireland""; nó còn được biết đến với tên gọi Dự án Luật Tự trị lần thứ tư hay, ít khi được sử dụng, Đạo Luật Tự trị lần thứ tư.",,
5a730abe5542994cef4bc42f,A_likely_ok,"Có môn ""thể thao"" nào liên quan đến động vật bắt nguồn từ thời nhà Đường và tiếp tục cho đến đầu thế kỷ 19?","What ""sport"" involving animals dates all the way back to the Tang Dynasty and continued to the beginning of the 19th century?",Cricket fighting,Trận đấu cricket,Đấu bóng chày,"Chó tít làm thú cưng
Nuôi dế làm thú cưng xuất hiện ở Trung Quốc từ thời xa xưa. Ban đầu, người ta nuôi dế vì tiếng kêu của chúng (tiếng ve). Từ thế kỷ 12, người Trung Hoa bắt đầu tổ chức các trận đấu dế. Trong suốt thời kỳ Hoàng gia cai trị, người Trung Hoa cũng nuôi ong bắp cày và sâu bướm làm thú vui nhưng dế được ưa chuộng nhất tại Cố Cung và trong dân gian. Nghệ thuật lựa chọn và lai tạo những chú dế chiến đấu tốt nhất đã được hoàn thiện vào triều đại Thanh và vẫn là một đặc quyền của hoàng cung cho đến đầu thế kỷ 19.
Đấu bóng chày
Đấu dế là một môn thể thao máu liên quan đến việc đấu tranh của dế đực. Không giống như hầu hết các môn thể thao máu chẳng hạn như đấu bò và chọi gà, đấu dế hiếm khi gây ra thương tích cho động vật. Đây là một sở thích phổ biến ở Trung Quốc và có niên đại hơn 1000 năm từ triều đại nhà Đường. Tuy nhiên, môn thể thao này đã mất đi sự nổi tiếng ở Trung Quốc.",,
5ae54c085542992663a4f1c4,A_flexible_span,Những khu vực nào khác có cùng một loài hươu với rừng Mara và Mondrem?,What are some other areas that share a common deer species with the forests of Mara and Mondrem?,"New Zealand, Canada, the United States, the Falkland Islands, and Peru.","New Zealand, Canada, Hoa Kỳ, Quần đảo Falkland và Peru.","Loài phổ biến này sinh sống ở tây Âu và Á, nhưng đã được nhập khẩu vào Antigua & Barbuda, Argentina, Nam Phi, Fernando Pó, São Tomé, Madagascar, Mauritius, Mayotte , Réunion , Seychelles , Quần đảo Comoro , Morocco , Algeria , Tunisia , Síp , Israel , Cape Verdee - Lebanon- Úc- New Zealand - Canada - Hoa Kỳ - quần đảo Falkland và Peru .","Rừng của Mara và Mondrem
Rừng Mara và Mondrem là hai khu rừng thời trung cổ liền kề ở Cheshire, Anh, mà vào thế kỷ 11 đã trải rộng trên diện tích hơn 60 dặm vuông (155 km2), kéo dài từ sông Mersey ở phía bắc gần như đến Nantwich ở phía nam, và từ Gowy ở phía tây đến Weaver ở phía đông. Mara và Mondrem là một khu săn bắn của các bá tước Norman của Chester được thành lập sau năm 1071 bởi bá tước đầu tiên, Hugh d'Avranches. Chúng có thể trước đó là một khu săn bắn Anglo-Saxon.
Nai sừng xám
Nai sừng xám (""Dama dama"") là một loài động vật có vú nhai lại thuộc họ Cervidae. Loài phổ biến này sinh sống ở tây Âu và Á, nhưng đã được nhập khẩu vào Antigua & Barbuda, Argentina, Nam Phi, Fernando Pó, São Tomé, Madagascar, Mauritius, Mayotte , Réunion , Seychelles , Quần đảo Comoro , Morocco , Algeria , Tunisia , Síp , Israel , Cape Verdee - Lebanon- Úc- New Zealand - Canada - Hoa Kỳ - quần đảo Falkland và Peru . Một số nhà phân loại học gộp loài nai sừng xám Ba Tư hiếm hơn như một phân loài ( ""D. d. mesopotamica""), trong khi những người khác coi nó như là một loài hoàn toàn khác biệt ( ""D. mesopotamica"").",,
5ab98608554299131ca42362,A_likely_ok,Câu chuyện diễn ra ở đâu trong phim The Moderns năm 1988?,Where does the story take place in 1988 film The Moderns?,1926 Paris,1926 Paris,"The Moderns là một bộ phim năm 1988 của Alan Rudolph, diễn ra ở Paris vào năm 1926 trong thời kỳ Thế hệ Mất mát và đỉnh điểm của văn học hiện đại.","Những người hiện đại
The Moderns là một bộ phim năm 1988 của Alan Rudolph, diễn ra ở Paris vào năm 1926 trong thời kỳ Thế hệ Mất mát và đỉnh điểm của văn học hiện đại. Phim có sự tham gia của Keith Carradine, Linda Fiorentino và John Lone cùng nhiều người khác.
John Lone
John Lone (; sinh ngày 13 tháng 10 năm 1952) là một nam diễn viên người Mỹ gốc Hồng Kông. Lone đã từng thủ vai một vị tộc trưởng thời tiền sử trong phim ""Iceman"" (năm 1984), vai Hoàng đế Phổ Nghi trong ""Hoàng Đế Cuối Cùng"" (năm 1987), và vai nghệ sĩ hát opera nữ trong phim ""Con Bướm Mơ"" (năm 1993).",,
5abe953b5542993f32c2a170,A_likely_ok,một trong những ngôi sao của The Newcomers được biết đến với vai diễn gì?,what is one of the stars of  The Newcomers known for,superhero roles as the Marvel Comics,vai diễn siêu anh hùng như Marvel Comics,"Evans được biết đến với vai diễn các siêu anh hùng của Marvel Comics Steve Rogers / Captain America trong Vũ trụ Điện ảnh Marvel và Johnny Storm / Human Torch trong ""Fantastic Four"".","Những người mới đến (phim)
The Newcomers là một bộ phim điện ảnh gia đình Mỹ năm 2000 do James Allen Bradley đạo diễn và có sự tham gia của Christopher McCoy, Kate Bosworth, Paul Dano và Chris Evans. Christopher McCoy vào vai Sam Docherty, một cậu bé chuyển đến Vermont cùng gia đình với hy vọng bắt đầu cuộc sống mới tách biệt khỏi thành phố. Phim được quay tại Vermont và phát hành bởi Artist View Entertainment cùng MTI Home Video.
Chris Evans (diễn viên)
Christopher Robert Evans (sinh ngày 13 tháng 6 năm 1981) là một diễn viên và đạo diễn phim người Mỹ. Evans được biết đến với vai diễn các siêu anh hùng của Marvel Comics Steve Rogers / Captain America trong Vũ trụ Điện ảnh Marvel và Johnny Storm / Human Torch trong ""Fantastic Four"".",,
5a80735b554299485f5985f3,A_likely_ok,G-A-Y đã chuyển đến địa điểm nào nằm dưới ga tàu Charing Cross?,What location under Charing Cross railway station did G-A-Y move to?,venue Heaven,địa điểm thiên đường,Thiên đường (quán bar),"G-A-Y
G-A-Y là một quán bar dành cho người đồng tính nam ở London. Nó hoạt động tại địa điểm âm nhạc London Astoria trong 15 năm cho đến tháng Bảy năm 2008. Boston Globe mô tả nó như ""đêm khiêu vũ đồng tính lớn nhất của Luân Đôn"", ""NME"" đưa tin rằng nó thu hút 6,000 khách vào mỗi tuần và ""The Independent"" mô tả đó là buổi biểu diễn quan trọng nhất của Luân Đôn đối với những ngôi sao nhạc pop thời nay."" Vào thứ Sáu ngày 3 tháng Mười, năm 2008, G-A-Y đã chuyển đến địa điểm nổi tiếng dành cho người đồng tính Heaven.
Thiên đường (quán bar)
Heaven là một siêu câu lạc bộ ở London, Anh Quốc dành chủ yếu cho thị trường gay. Nó nằm dưới ga đường sắt Charing Cross ở trung tâm London, ngay cạnh Quảng Trường Trafalgar.",,
5ae3789b5542992e3233c412,A_likely_ok,Riom Trial được dẫn dắt bởi một người tướng Pháp đã đạt tới những vinh dự nào?,Riom Trial was headed by the French general who reached what distinction?,Marshal of France,Tướng của Pháp,"Khi mới lên nắm quyền vào thời điểm đó ông đã ở tuổi thứ 84, và vì vậy ông được xem là nguyên thủ quốc gia cao tuổi nhất trong lịch sử nước Pháp.","Thử nghiệm Riom
Phiên tòa Riom (tiếng Pháp: Procès de Riom; 19 tháng 2 năm 1942 - ngày 21 tháng 5 năm 1943) là một nỗ lực của chế độ Vichy, do Thống chế Philippe Pétain lãnh đạo, nhằm chứng minh rằng những nhà lãnh đạo của Đệ tam Cộng hòa Pháp (năm 1870-năm 1940) chịu trách nhiệm cho việc nước Pháp bị Đức đánh bại vào năm  1940. Phiên tòa được tổ chức tại thành phố Riom ở miền trung nước Pháp và chủ yếu có mục tiêu chính trị – đó là gán trách nhiệm về sự thất bại cho các nhà lãnh đạo thuộc Chính phủ Mặt trận Nhân dân cánh tả đã được bầu vào ngày mùng ba tháng Năm năm  1936.
Philippe Pétain
Henri Philippe Benoni Omer Joseph Pétain (24 tháng 04 năm 1856 – 23 tháng 07 năm 1951), thường được biết đến với tên gọi Philippe Pétain hoặc Thống chế Pétain (""Maréchal Pétain""), là một vị tướng Pháp đạt danh hiệu Thống chế của nước Pháp, và sau đó giữ chức vụ Chủ tịch Nhà nước Vichy Pháp hay còn được biết đến với tên gọi Quốc gia Pháp (""Chef de l'État Français"") từ năm 1940 cho tới khi bị phế truất vào năm 1944. Khi mới lên nắm quyền vào thời điểm đó ông đã ở tuổi thứ 84, và vì vậy ông được xem là nguyên thủ quốc gia cao tuổi nhất trong lịch sử nước Pháp. Ngày nay, ông thường được nhắc cùng với Quisling đương thời tại Na Uy như hai biểu tượng phản bội đất nước hợp tác với quân xâm lược Đức Quốc xã trong Thế chiến II. Do những thành công hiển hách trên cương vị chỉ huy quân đội trong Chiến tranh thế giới lần thứ nhất, đặc biệt là tại trận Verdun nổi tiếng nên ông từng có biệt danh ""Con sư tử Verdun"" và trở thành anh hùng dân tộc của người dân Pháp nhưng không phải chịu án xử bắn bằng găng tay như các đồng nghiệp cộng sự khác.",,
5ae526c455429908b6326529,A_likely_ok,Trụ sở của đài truyền hình phát sóng chương trình Tenko ở đâu?,Where is the headquarters for the service broadcaster the show Tenko is on?,Broadcasting House in London,Nhà phát thanh ở London,"Tập đoàn truyền thông Anh Quốc (tiếng Anh: British Broadcasting Corporation, viết tắt là BBC) là đài phát thanh - truyền hình công lập của Vương quốc Anh có trụ sở tại Tòa nhà Phát thanh ở Luân Đôn.","Tenko (phim truyền hình)
Tenko là một bộ phim truyền hình, do BBC và ABC hợp tác sản xuất.
BBC
Tập đoàn truyền thông Anh Quốc (tiếng Anh: British Broadcasting Corporation, viết tắt là BBC) là đài phát thanh - truyền hình công lập của Vương quốc Anh có trụ sở tại Tòa nhà Phát thanh ở Luân Đôn. Đây là tổ chức phát sóng quốc gia lâu đời nhất trên thế giới và cũng là đài phát sóng lớn nhất thế giới về số lượng nhân viên. Tổng cộng, BBC sử dụng hơn 20.950 người làm việc trong đó có 16.672 người làm việc trong lĩnh vực phát thanh công cộng; nếu tính thêm những người làm việc bán thời gian, hợp đồng linh hoạt và cố định thì tổng số lên đến 35.402 người",,
5a7e6f295542991319bc94b1,A_likely_ok,"Ai đã ban cho người mẹ của Alberic II xứ Spoleto danh hiệu ""patricia"" của Rome?","Who gave the mother of Alberic II of Spoleto the title ""patricia"" of Rome?",Pope John X,Đức Giáo Hoàng John X,Alberic II xứ Spoleto,"Alberic II xứ Spoleto
Alberic II (912–954) là người cai trị Rome từ năm 932 đến năm 954, sau khi phế truất mẹ mình Marozia và cha nuôi của ông, vua Hugh của Ý.
Marozia
Marozia, sinh ra với tên Maria và còn được biết đến với tên gọi là Mariuccia hay Mariozza (890 – 937), là một quý cô La Mã từng được cho là tình nhân của Giáo hoàng Sergius III và đã được Giáo hoàng John X ban tặng danh hiệu ""senatrix"" (""tổ tiên nữ"") cùng ""patricia"" của thành Rome.",,
5a7fd7305542992e7d278dc2,A_likely_ok,"Những bộ phim nào là cơ sở cho ""Family Guy"" và nhân vật Peter Griffith?","What films were the basis for ""Family Guy"" and the character of Peter Griffith? ",The Life of Larry and Larry & Steve,"Cuộc sống của Larry, Larry và Steve",Cuộc sống của Larry và Larry & Steve,"Peter Griffin
Peter Griffin là nhân vật chính và nhân vật tiêu đề của bộ phim hoạt hình Mỹ ""Family Guy"". Anh ấy lồng tiếng bởi họa sĩ tranh Seth MacFarlane và xuất hiện lần đầu tiên trên truyền hình, cùng với phần còn lại của gia đình, trong 15 phút giới thiệu về ""Family Guy"" vào ngày 20 tháng 12 năm 1998. Peter được tạo ra và thiết kế bởi MacFarlane bản thân mình. MacFarlane được hỏi để trình bày một tập thử nghiệm cho Công ty Phát sóng Fox dựa trên ""Larry & Steve"", một tác phẩm ngắn do MacFarlane thực hiện có tên Larry trung niên và một con chó trí tuệ tên Steve. Sau khi tập thử nghiệm được thông qua, gia đình Griffin xuất hiện trong tập phim ""Death Has a Shadow"".
Cuộc sống của Larry và Larry & Steve
The Life of Larry và Larry & Steve là hai bộ phim hoạt hình ngắn được Seth MacFarlane sáng tác vào giữa thập niên 1990, dẫn đến sự ra đời của bộ phim sitcom hoạt hình “Family Guy”. MacFarlane đã sáng tạo ra The Life of Larry như một luận án phim năm 1995 trong thời gian học tại Trường Thiết kế Rhode Island. Giáo sư của anh ấy tại RISD đã gửi bản vẽ truyện tranh của MacFarlane cho Hanna-Barbera, nơi anh ấy được thuê làm việc một năm sau đó.",,
5a76db3555429972597f13e7,A_likely_ok,Ngân hàng đầu tiên ra đời khi nào mà là một phần của tổ chức phục vụ các vùng nông thôn của Ấn Độ với dịch vụ ngân hàng và tài chính cơ bản?,When did the first bank come into existence that is part of an organization that serves rural areas of India with basic banking and financial services?,on 20 July 2009,ngày 20 tháng 7 năm 2009,"Theo lệnh của Bộ Tài chính Chính phủ Ấn Độ số F1/4/2012-RRB, ngày 17 tháng Bảy năm","Maharashtra Gramin Bank
Ngân hàng Nông thôn được thành lập tại Ấn Độ theo Đạo luật Ngân hàng Nông thôn năm 1976 [23 (1)]. Có tổng cộng 56 ngân hàng Gramin (RRB) ở Ấn Độ. Maharashtra Gramin Bank là một trong số đó. Ngân hàng Nông thôn Maharashtra là một Ngân hàng Nông thôn Khu vực, thuộc bang Maharashtra, Ấn Độ. Chính phủ Ấn Độ thông qua thông báo ngày 25 tháng 3 năm 2008 đã sáp nhập hai RRBs đó là Aurangabad Jalna Gramin Bank & Thane Gramin Bank vào một RRB duy nhất có tên gọi là Ngân hàng Godavari nông thôn của Maharashtra. Theo thông báo do Bộ Tài chính, Bộ Dịch vụ Tài chính của Chính phủ Ấn Độ ban hành mang số tham chiếu F.No 1/4/2006-RRB(II) ngày 20 tháng Bảy năm 2009, Ngân hàng Nông thôn Maharashtra ra đời vào ngày hôm nay sau khi hợp nhất ""Ngân Hàng Godavari nông thôn của Maharashtra"" và ""Marathawada Gramin Bank"". Theo lệnh của Bộ Tài chính Chính phủ Ấn Độ số F1/4/2012-RRB, ngày 17 tháng Bảy năm
Ngân hàng Nông thôn Khu vực
Các Ngân hàng Nông thôn Khu vực là các tổ chức ngân hàng hoạt động ở cấp địa phương tại nhiều bang của Ấn Độ. Chúng được thành lập nhằm phục vụ cho những khu vực nông thôn của Ấn Độ với dịch vụ ngân hàng và tài chính cơ bản. Tuy nhiên, RRBs có thể có chi nhánh được thiết lập để thực hiện các hoạt động đô thị và lĩnh vực hoạt động của họ cũng bao gồm cả khu vực đô thị.",,
5ac113e2554299294b21909a,A_likely_ok,Ai đã viết lời cho màn ra mắt trên Broadway của Linda Eder?,Who wrote the lyrics for Linda Eder's Broadway debut?,"Wildhorn, Bricusse and Cuden","Wildhorn, Bricusse và Cuden","Vở nhạc kịch này do Frank Wildhorn và Steve Cuden viết kịch bản, âm nhạc của Wildhorn, lời bài hát của Leslie Bricusse và Wildhorn, Cuden.","Linda Eder
Linda Eder (; sinh ngày 3 tháng 2 năm 1961) là một ca sĩ và diễn viên người Mỹ. Bà ra mắt sân khấu Broadway trong vở nhạc kịch ""Jekyll & Hyde"", với vai Lucy, vì vai diễn này bà được đề cử giải thưởng Drama Desk. Eder đã biểu diễn tại nhiều phòng hòa nhạc trên khắp nước Mỹ bao gồm cả Carnegie Hall và Radio City Musical Hall. Bà đã phát hành 15 album solo.
Jekyll &amp; Hyde (hài kịch nhạc)
Jekyll & Hyde là một vở nhạc kịch kinh dị được chuyển thể từ truyện ngắn ""The Strange Case of Dr Jekyll and Mr Hyde"" của Robert Louis Stevenson. Vở nhạc kịch này do Frank Wildhorn và Steve Cuden viết kịch bản, âm nhạc của Wildhorn, lời bài hát của Leslie Bricusse và Wildhorn, Cuden. Sau khi ra mắt tại Houston, Texas, tác phẩm đã khởi động một chuyến lưu diễn toàn quốc ở Mỹ trước khi ra mắt trên sân khấu Broadway năm 1997. Từ đó đến nay đã có nhiều phiên bản quốc tế khác nhau như hai chuyến lưu diễn Bắc Mỹ tiếp theo; hai lần công diễn tại Anh Quốc; một phiên bản hòa nhạc cùng với việc cải tiến lại cho các buổi biểu diễn ở Mỹ vào năm 2012 trước khi trở lại sân khấu Broadway vào năm 2013.",,
5ae23d945542996483e64939,A_likely_ok,Anakin Skywalker có quan hệ gì với Công chúa Leia?,What relation is Anakin Skywalker to Princess Leia?,Vader's daughter,Con gái của Vader,Darth Vader,"Công chúa Leia
Công chúa Leia Organa của Alderaan (còn được gọi là Thượng nghị sỹ Leia Organa hay Tướng Leia Organa) là một nhân vật hư cấu trong thương hiệu Star Wars, do Carrie Fisher thủ vai. Được giới thiệu lần đầu tiên trong bộ phim gốc Star Wars năm 1977, Leia là công chúa hành tinh Alderaan, một thành viên của Thượng viện Đế quốc và đặc vụ của Liên minh Nổi dậy. Cô đã phá vỡ âm mưu đen tối của Chúa tể Sith Darth Vader và giúp dẫn đến sự hủy diệt vũ khí siêu mạnh mang tính thảm khốc của Đế quốc: Ngôi sao Tử thần. Trong ""Đế chế phản công"" (năm 1980), Leia chỉ huy căn cứ Nổi dậy và trốn thoát khỏi Vader khi cô yêu tên buôn lậu Han Solo. Trong ""Sự trở lại của Jedi"" (năm 1983), cô lãnh đạo cuộc giải cứu Han khỏi tay trùm tội phạm Jabba the Hutt, và được tiết lộ rằng cô chính là con gái cưng của Vader cũng như chị em song sinh với Luke Skywalker. Bộ phim tiền truyện """" (năm 2005) cho thấy mẹ ruột họ là thượng nghị sĩ Naboo Padmé Amidala - người trước đây từng làm nữ hoàng – qua đời sau khi sinh ra cặp song sinh này; còn cả hai đứa trẻ đều bị nhận nuôi bởi Thượng nghị sĩ Bail cùng Nữ hoàng Breha Organa đến từ hành tinh Alderaan. Trong """" (năm 2015), Leia sáng lập nên lực lượng Kháng chiến chống lại Đệ nhất Thứ tự (""First Order"") đồng thời giữ chức Tổng tư lệnh với người chồng tên Ben Solo mà bà đặt cho cái tên Kylo Ren
Darth Vader
Darth Vader, còn được biết đến với tên gọi Anakin Skywalker, là một nhân vật hư cấu trong loạt phim Star Wars. Darth Vader xuất hiện như một nhân vật phản diện quan trọng trong ba phần phim đầu tiên của loạt phim này và những hành động của anh ta đã tạo nên cốt truyện chính cho bộ phim. Quá khứ khi anh ta còn mang tên Anakin Skywalker cũng như câu chuyện về sự tha hóa của anh ta là yếu tố trung tâm của bộ ba phần tiền truyện sau đó.",,
5a8b4d5e5542995d1e6f135c,A_likely_ok,John Shimkus đại diện cho khu vực bầu cử nào trước khi trở thành dân biểu của khu vực bầu cử thứ 20 của Illinois?,What Congressional District did John Shimkus represent before the 20th Congressional District of Illinois?,Illinois 's 15 congressional district,Quận 15 của Illinois,"Quận 20, Illinois","Quận 20, Illinois
Quận 20, đại diện cho Illinois là một khu vực bầu cử tại Hạ viện Hoa Kỳ. Khu vực này bị giải thể sau cuộc điều tra dân số năm 2000. Quận này từng được đại diện bởi John Shimkus và sau đó ông đã tái đắc cử vào quận thứ 19.
John Shimkus
John Mondy Shimkus (sinh ngày 21 tháng 2 năm 1958) là đại diện cho khu vực bầu cử thứ 15 của Illinois tại Hạ viện Hoa Kỳ kể từ năm 1997. Ông thuộc đảng Cộng hòa.",,
5a7605f85542994ccc91868d,A_likely_ok,"Trận chiến nào kéo dài lâu hơn, Trận rừng Hürtgen hay Trận đánh Vòng vây Pusan?","Which battle lasted longer, Battle of Hürtgen Forest or Battle of Pusan Perimeter?",Battle of Hürtgen Forest,Trận chiến rừng Hürtgen,Trận Hürtgen Forest,"Trận Hürtgen Forest
Trận Hürtgen Forest (tiếng Đức: ""Schlacht im Hürtgenwald"" ) là một loạt trận đánh ác liệt diễn ra từ 19 tháng 9 đến 16 tháng 12 năm 1944 giữa quân đội Mỹ và Đức trên mặt trận phía Tây trong Chiến tranh thế giới thứ hai tại khu rừng Hürtgen cách biên giới Bỉ-Đức khoảng  80 km về phía đông. Đây là trận chiến dài nhất trên đất Đức trong Chiến tranh thế giới thứ hai, và cũng là thời gian chiến đấu lâu nhất của Lục quân Hoa Kỳ.
Trận chiến Vành đai Pusan
Trận chiến Vành đai Pusan là một trận đánh quy mô lớn giữa lực lượng Liên Hiệp Quốc và Triều Tiên diễn ra từ ngày 4 tháng 8 đến ngày 18 tháng 9 năm 1950. Đây là một trong những cuộc giao tranh đầu tiên của Chiến tranh Triều Tiên. Một đạo quân gồm 140,000 lính Liên Hiệp Quốc, bị đẩy đến bờ vực thất bại, đã tập hợp lại để chống trả quyết liệt trước cuộc xâm lược của quân đội Bắc Triều Tiên đông đảo hơn với gần như gấp đôi số người (98,00).",,
5ac194db55429964131be23a,A_likely_ok,"Tôn giáo chính thức của vùng đất thuộc chồng Dorothea xứ Đan Mạch, Nữ công tước xứ Phổ là gì?","What was the official religion of the lands of the husband of Dorothea of Denmark, Duchess of Prussia?",Protestantism,Phúc giáo,"Albert, Công tước xứ Phổ","Dorothea xứ Đan Mạch, Nữ công tước xứ Phổ
Dorothea xứ Đan Mạch (1 tháng 8 năm 1504–11 tháng 4 năm 1547), là một công chúa Đan Mạch và Công tước phụ của Phổ. Bà là con gái của vua Frederick I của Đan Mạch và Anna xứ Brandenburg. Bà đã kết hôn với Albert, Công tước Phổ.
Albert, Công tước xứ Phổ
Albert xứ Phổ (tiếng Đức: Albrecht von Preussen, 17 tháng 5 năm 1490 – ngày 20 tháng 3 năm 1568) là Đại Hiệp sĩ thứ ba mươi bảy của Hiệp đoàn Teutonic, người đã cải sang đạo Lutheran và trở thành vị lãnh chúa đầu tiên của Công quốc Phổ, một quốc gia trần tục được lập ra từ các vùng đất trước đây thuộc nhà nước tu viện của Hiệp đoàn Teutonic. Albert là vị quân vương châu Âu đầu tiên thiết lập giáo phái Lutheran và do đó là Phong trào Cải cách như tôn giáo chính thức trong lãnh địa của mình. Ông đóng vai trò rất quan trọng trong sự lan rộng về mặt chính trị của Phong trào Cải cách ở giai đoạn sơ khai, cai trị vùng đất Phổ gần sáu thập niên (1510–1568).",,
5a886211554299206df2b24a,A_likely_ok,Những bộ phim Tonka và 101 chú chó đốm có được phát hành cùng thập niên không?,Were the films Tonka and 101 Dalmatians released in the same decade?,1958 Walt Disney Western adventure film,1958 Walt Disney phim phiêu lưu phương Tây,Phim công chiếu ngày 27 tháng 10 năm 2005 tại các rạp chiếu phim trên toàn thế giới bởi Walt Disney Pictures nhận được nhiều lời khen ngợi cho tính trung thành với tác phẩm kinh điển hoạt hình trước đó nhưng cũng chỉ nhận về những đánh giá lẫn lộn từ giới phê bình dù vẫn đạt thành công phòng vé khi thu về hơn $320 triệu USD so với kinh phí sản xuất chỉ $75 triệu USD.,"Tonka (phim)
Tonka là một bộ phim phiêu lưu Tây Bắc Mỹ năm 1958 của Walt Disney kể về con ngựa chiến của kỵ binh Hoa Kỳ sống sót sau trận chiến Little Big Horn. Bộ phim còn được phát hành với tên gọi A Horse Named Comanche, có sự tham gia diễn xuất của Sal Mineo trong vai người da đỏ Sioux đã từng tham gia trận đánh này. Phim được quay tại Bend, Oregon và phân phối bởi Buena Vista Distribution.
101 chú chó đốm (phim 1996)
101 chú chó đốm là một bộ phim phiêu lưu hài hước hành động Mỹ năm 1996 dựa trên phiên bản hoạt hình của Walt Disney năm 1961 chuyển thể từ tác phẩm tiểu thuyết ""Một trăm và một chú chó đốm"" của Dodie Smith. Phim do Stephen Herek đạo diễn, John Hughes và Ricardo Mestres đồng sản xuất với sự tham gia diễn xuất của Glenn Close, Jeff Daniels, Joely Richardson, Joan Plowright, Hugh Laurie, Mark Williams và Tim McInnerny. Khác với phiên bản phim hoạt hình trước đó ra mắt vào năm 1961 thì tất cả những con vật trong phiên bản này đều không nói chuyện được. Phim công chiếu ngày 27 tháng 10 năm 2005 tại các rạp chiếu phim trên toàn thế giới bởi Walt Disney Pictures nhận được nhiều lời khen ngợi cho tính trung thành với tác phẩm kinh điển hoạt hình trước đó nhưng cũng chỉ nhận về những đánh giá lẫn lộn từ giới phê bình dù vẫn đạt thành công phòng vé khi thu về hơn $320 triệu USD so với kinh phí sản xuất chỉ $75 triệu USD. Close đã nhận đề cử giải Quả cầu vàng cho Nữ diễn viên chính xuất sắc nhất trong phim hài hoặc nhạc kịch nhờ vai diễn Cruella de Vil tuy nhiên cô lại để tuột mất giải thưởng vào tay Madonna qua tác phẩm Evita. Phim còn nhận thêm đề cử giải BAFTA dành cho hạng mục Trang điểm hiệu ứng tốt nhất . Phần tiếp nối có tên gọi ""Chó đốm số hai"" (tên gốc:   ) ra mắt ngày mùng ba tháng mười một ở Bắc Mỹ cùng dàn sao cũ quay trở lại đóng vai trò tương tự như phần đầu tiên của họ",,
5a8a521d5542992d82986f15,A_likely_ok,Mads Bødker là cầu thủ của đội nào được quản lý bởi Danmarks Ishockey Union?,For which team does Mads Bødker player that is controlled by Danmarks Ishockey Union?,Denmark men's national ice hockey,Đan Mạch Hòckey trên băng nam giới quốc gia,Đội tuyển khúc côn cầu băng quốc gia nam Đan Mạch,"Mads Bødker
Mads Bødker (sinh ngày 31 tháng 8 năm 1987) là một hậu vệ chuyên nghiệp đã nghỉ hưu người Đan Mạch trong môn khúc côn cầu trên băng, anh từng thi đấu cho đội SønderjyskE Ishockey của giải Metal Ligaen thuộc Đan Mạch. Anh đã chơi ba mùa giải tại Rødovre Mighty Bulls ở giải AL-Bank Ligaen hàng đầu của Đan Mạch, cũng như tham gia bảy Giải vô địch khúc côn cầu trên băng thế giới với tư cách thành viên Đội tuyển quốc gia nam quốc gia Đan Mạch. Anh trai của anh là Mikkel Bødker, một tiền đạo cánh phải hiện đang thi đấu cho San Jose Sharks.
Đội tuyển khúc côn cầu băng quốc gia nam Đan Mạch
Đội tuyển quốc gia nam Đan Mạch là đội tuyển khúc côn cầu trên băng quốc gia của Đan Mạch. Đội được điều khiển bởi Liên đoàn Khúc côn cầu trên băng Đan Mạch. Tính đến năm 2007, đội tuyển Đan Mạch xếp thứ 12 trong bảng xếp hạng thế giới IIHF. Sau khi không đủ điều kiện tham dự giải vô địch thế giới kể từ năm 1949, đội tuyển Đan mạch đã gây bất ngờ vào năm 2003 bằng việc đứng ở vị trí thứ 11, trong đó có một trận hòa với Canada - nhà vô địch của giải đấu đó. Hiện tại có khoảng  4,255 người chơi khúc côn cầu (chiếm tỉ lệ 0.07% dân số) ở đất nước này.. Huấn luyện viên trưởng hiện tại của họ là Janne Karlsson người Thụy Điển thay thế Per Bäckman . Trước đây ,Đan mạch từng giữ kỷ lục về thất bại nặng nề nhất khi họ bị Canada đánh bại với tỷ lệ cách biệt lên tới 47-0 vào năm  1949 trước khi New Zealand phá vỡ nó sau cuộc đối đầu với Úc vào năm  87 và chịu thua đậm hơn:   58-0",,
5ab69f9a554299710c8d1ef8,A_likely_ok,"Tên thám tử hư cấu xuất hiện trong ""The Adventure of the Seven Clocks"" là tác phẩm của ai?","The fictional private detective that appears in ""The Adventure of the Seven Clocks"" what written by whom?",Sir Arthur Conan Doyle,Sir Arthur Conan Doyle,Sherlock Holmes là một thám tử hư cấu do tác giả người Anh Arthur Conan Doyle sáng tạo ra.,"Cuộc phiêu lưu của Bảy chiếc đồng hồ
""Cuộc phiêu lưu của Bảy chiếc đồng hồ"" là một truyện về Sherlock Holmes, được viết bởi Adrian Conan Doyle và John Dickson Carr. Truyện này được xuất bản trong tập truyện ""Những cuộc phiêu lưu của Sherlock Holmes"" năm 1954.
Sherlock Holmes
Sherlock Holmes là một thám tử hư cấu do tác giả người Anh Arthur Conan Doyle sáng tạo ra. Là một ""thám tử tư"" trong các truyện, Sherlock nổi tiếng với khả năng quan sát, khoa học pháp y và lý luận logic đến mức kỳ lạ mà ông sử dụng để điều tra các vụ án cho nhiều khách hàng khác nhau, bao gồm cả Scotland Yard.",,
5a8b7cb95542995d1e6f13bb,A_likely_ok,Nhóm nào trong số những tên cướp từ thập niên 1890s cùng tên với một ban nhạc rock Nam Tư?,Which group of outlaws from the 1890s shares a name with a Yugoslav rock band?,Dalton Gang,Đội Dalton,Băng Dalton,"Daltoni
Daltoni (tiếng Serbia: Далтони; dịch: ""The Daltons"") là một ban nhạc rock người Serbia và trước đây thuộc Nam Tư từ Niš, nổi tiếng vì là những người tiên phong của cảnh quan âm nhạc rock Nam Tư cũ.
Băng Dalton
Băng Dalton là một nhóm băng đảng ngoài vòng pháp luật ở miền Tây Hoa Kỳ trong khoảng thời gian từ 1890 đến 1892. Nhóm này còn được biết đến với tên gọi Anh em nhà Dalton vì ba thành viên trong số đó là anh em ruột. Băng đảng chuyên cướp ngân hàng và tàu hỏa. Trong một vụ cướp ngân hàng tại Coffeyville, Kansas vào năm 1892, hai người anh em và hai thành viên khác của băng đảng đã bị giết; Emmett sống sót và bị bắt giữ, xét xử, kết án tù giam. Sau khi thụ án tù 14 năm ông ta đã được ân xá sớm ra tù.",,
5ac32b565542995ef918c154,A_likely_ok,Sân vận động mà đội bóng đá 1964 Georgia Tech Yellow Jackets đã chơi trận đấu trên sân nhà của họ được đặt ở đâu?,Where is the stadium at which 1964 Georgia Tech Yellow Jackets football team played their home game located? ,North Avenue at Techwood Drive,Đại lộ Bắc tại Techwood Drive,Sân vận động Bobby Dodd tại sân lịch sử Grant là sân bóng đá nằm ở góc đường North Avenue và Techwood Drive trên khuôn viên của Viện Công nghệ Georgia ở Atlanta.,"Đội bóng bầu dục 1964 Georgia Tech Yellow Jackets
Đội bóng bầu dục đội áo khoác màu vàng của trường Georgia Tech năm 1964 đại diện cho Viện Công nghệ Georgia trong mùa giải bóng bầu dục đại học năm 1964. Đội áo khoác màu vàng được dẫn dắt bởi huấn luyện viên trưởng Bobby Dodd ở năm thứ hai mươi, và chơi các trận đấu sân nhà tại Grant Field ở Atlanta, Georgia. Họ thi đấu với tư cách độc lập lần đầu tiên kể từ năm 1920 sau khi rời khỏi Liên đoàn Bóng bầu dục Đông Nam vào năm 1963.
Sân vận động Bobby Dodd
Sân vận động Bobby Dodd tại sân lịch sử Grant là sân bóng đá nằm ở góc đường North Avenue và Techwood Drive trên khuôn viên của Viện Công nghệ Georgia ở Atlanta. Từ năm 1905, nó đã trở thành nơi thi đấu của đội bóng bầu dục đại học Georgia Tech Yellow Jackets thường được gọi là ""Ramblin 'Wreck"", dưới hình thức sơ khai từ năm 1905 và như một sân vận động hoàn chỉnh kể từ năm 1913. Đội tham gia vào giải NCAA Division I Football Bowl Subdivision với tư cách thành viên của Hội nghị Bờ Đông. Đây là sân vận động lâu đời nhất trong FBS và đã từng chứng kiến nhiều trận thắng hơn bất kỳ sân vận động nào khác trong FBS.",,
5a80ad205542992bc0c4a79d,A_likely_ok,Ai đã đi trước người đàn ông có viên kim cương Nassak được cắt và đặt vào chuôi kiếm của ông ta?,Who preceded the man who had the Nassak Diamond cut and placed into the handle of his sword?,1st Earl Grosvenor,Earl Grosvenor thứ nhất,"Robert Grosvenor, Bá tước Westminster thứ nhất","Nassak Kim cương
Hồn Ngọc Nassak (còn được biết đến với tên gọi Hồn Ngọc Nassac và Mắt của Tượng thần) là một viên kim cương lớn, 43.38 carats xuất thân từ một viên kim cương to hơn 89 carat vào thế kỷ thứ 15 tại Ấn Độ. Được khai thác ở mỏ Amaragiri nằm ở Mahbubnagar, Telangana, Ấn Độ và ban đầu được cắt gọt tại Ấn Độ, viên kim cương này từng trang trí cho ngôi đền thờ Trimbakeshwar Shiva gần Nashik thuộc bang Maharashtra, Ấn Độ từ ít nhất năm 1500 cho tới năm 1817. Công ty Đông Ấn Anh đã chiếm lấy viên kim cương này trong Chiến tranh Anglo-Maratha lần thứ ba rồi bán nó cho các nhà buôn đồ trang sức người Anh Rundell and Bridge vào năm 1818. Sau khi được nhà buôn đồ trang sức cắt lại vào năm đó thì sau đó chúng làm tay cầm thanh kiếm của bá tước Westminster thứ nhất.
Robert Grosvenor, Bá tước Westminster thứ nhất
Robert Grosvenor, Bá tước Westminster thứ nhất (22 tháng 3 năm 1767 – 17 tháng 2 năm 1845) là con trai của Bá tước Grosvenor thứ nhất, người mà ông kế vị vào năm 1802 làm Bá tước Grosvenor thứ hai. Ông được phong danh hiệu ""Marquess of Westminster"" vào năm 1831. Ông là một thành viên Quốc hội Anh và là tổ tiên của những Công tước Westminster hiện đại. Grosvenor tiếp tục phát triển tài sản gia đình ở London, ông xây dựng lại dinh thự nông thôn của họ tại Eaton Hall ở Cheshire nơi ông cũng khôi phục lại khu vườn và xây dựng ngôi nhà mới ở London gọi là Grosvenor House.",,
5adfeab455429942ec259b86,A_likely_ok,Ngôi sao trong bộ phim chuyển thể năm 1953 của Metro-Goldwyn-Mayer dựa trên vở kịch của Shakespeare là gì?,The star in a 1953 epic Metro-Goldwyn-Mayer film adaption of the play by Shakespeare had what occupation?,"American actor, film director and political activist","Nam diễn viên, đạo diễn phim và nhà hoạt động chính trị người Mỹ","(3 tháng 4 năm 1924 – 1 tháng 7 năm 2004) là một diễn viên, đạo diễn phim và nhà hoạt động chính trị người Mỹ.","Marlon Brando
Marlon Brando Jr. (3 tháng 4 năm 1924 – 1 tháng 7 năm 2004) là một diễn viên, đạo diễn phim và nhà hoạt động chính trị người Mỹ. Ông được biết đến với việc đưa chủ nghĩa hiện thực vào diễn xuất điện ảnh. Ông giúp phổ biến hệ thống diễn xuất Stanislavski, học cùng Stella Adler trong những năm thập niên 1940. Marlon được biết đến nhiều nhất nhờ hai vai diễn đoạt giải Oscar của mình là Terry Malloy trong ""On the Waterfront"" (1954) và Vito Corleone trong ""The Godfather"" (năm 1972), cũng như các vai ông thể hiện trong các bộ phim: ""A Streetcar Named Desire"" (năm 1951), ""Viva Zapata!"" (năm 1952), ""Julius Caesar"" (năm 1953), ""The Wild One"" (năm   )
Julius Caesar (phim 1953)
Julius Caesar là một bộ phim sử thi năm 1953 của hãng Metro-Goldwyn-Mayer chuyển thể từ vở kịch của Shakespeare, do Joseph L. Mankiewicz đạo diễn, cũng viết kịch bản không ghi tên và John Houseman sản xuất. Nhạc phim gốc được sáng tác bởi Miklós Rózsa. Phim có sự tham gia diễn viên như Marlon Brando vào vai Mark Antony, James Mason trong vai Brutus, John Gielgud trong vai Cassius, Louis Calhern trong vai Julius Caesar, Edmond O'Brien trong vai Casca, Greer Garson vào vai Calpurnia và Deborah Kerr vào đóng Portia.",,
5ac164da55429964131be1bf,A_likely_ok,Linhai và Gongqingcheng đều là những thành phố ở Trung Quốc thuộc loại nào?,Linhai and Gongqingcheng are both what kinds of cities that are located in China?,county-level city,thành phố cấp quận,Công Thanh Thành,"Linh Hải
Linh Hải (; tiếng Đài Châu: Ling-he) là một thành phố cấp huyện tại tỉnh Chiết Giang, Trung Quốc nằm trên bờ sông Linh.
Công Thanh Thành
Công Thanh Thành (tiếng Trung: 贡 城) là một thành phố cấp huyện ở phía bắc tỉnh Giang Tây, Cộng hòa Nhân dân Trung Hoa, được thành lập vào ngày 10 tháng 9 năm 2010. Nó nằm dưới sự quản lý của Cửu Giang, cách đó khoảng 55 km về phía đông bắc và cách Nam Xương, thủ phủ của tỉnh này khoảng 62 km về phía bắc. Nằm gần các quận Đức An, Vĩnh Thu và Hưng Tử Quận () nó nằm ở chân núi Lô Sơn và trên bờ tây hồ Phóng Nam. Với diện tích là  193 km² (), Công Thanh Thành có dân số xấp xỉ  120.000 người bao gồm cả cư dân thường trú là  68.00 người; mục tiêu đặt ra cho tương lai là mở rộng quy mô đô thị lên đến mức từ  4 triệu đến nửa triệu cư dân . Đây cũng là tên gọi duy nhất tại Trung Quốc đặt theo tên của Đoàn thanh niên cộng sản chủ nghĩa Trung Quốc mà viết tắt trong tiếng Hán giản thể chính thức thì viết tắt thành ""共青团"" (""cộng đoàn"") nên tên gọi này ý nghĩa như ""Thành phố đoàn thanh niên"".",,
5ac562985542993e66e823ca,A_likely_ok,Otterington railway station nằm trên tuyến đường sắt 393 mi chính nối liền Edinburgh với thành phố nào?,Otterington railway station was on a 393 mi major railway that linked Edinburgh to what city?,London,London,Otterington,"Otterington
Ga Otterington nằm ở làng South Otterington, North Yorkshire trên tuyến đường sắt chính East Coast. Nó mở cửa vào năm 1841 và đóng cửa vào năm 1958. Hiện nay ga là một biệt thự tư nhân, mặc dù nền tảng vẫn còn nhìn thấy được. Các tòa nhà bắt nguồn từ những năm 30 khi Đường sắt chính bờ biển phía Đông được mở rộng.
Đường sắt chính Đông
Đường sắt chính bờ biển phía Đông (ECML) là một tuyến đường sắt chính nối giữa Luân Đôn và Edinburgh đi qua Peterborough, Doncaster, Wakefield, Leeds, York, Darlington và Newcastle. Toàn bộ tuyến này đều được điện khí hóa. Dịch vụ tàu trên đoạn phía bắc của Edinburgh đến Aberdeen và Inverness sử dụng đầu máy diesel.",,
5a80b52f554299485f5986d6,A_likely_ok,Đạo diễn nổi tiếng nào làm việc với Orion Pictures và sinh ra vào tháng 12 năm 1935?,What prominent director worked with Orion Pictures and was born in December of 1935?,"Heywood ""Woody"" Allen","Heywood ""Woody"" Allen",Woody Allen,"Orion Pictures
Orion Pictures Corporation là một nhà sản xuất và phát hành phim ảnh chuyển động của Mỹ đã sản xuất và phát hành các bộ phim từ năm 1978 cho đến năm 1999, cũng như tham gia vào việc sản xuất và kinh doanh truyền hình trong suốt những năm 1980 cho đến đầu những năm 1990. Nó được thành lập vào năm 1978 với tư cách là một liên doanh giữa Warner Bros. và ba cựu giám đốc cấp cao của United Artists. Mặc dù chưa bao giờ là một nhà sản xuất phim ảnh chuyển động lớn, nhưng Orion đã đạt được danh tiếng tương đối cao về chất lượng Hollywood. Woody Allen, James Cameron, Jonathan Demme, Oliver Stone cùng nhiều đạo diễn nổi tiếng khác đã làm việc với Orion trong giai đoạn thành công nhất của họ từ năm 1978 đến năm 1992. Trong số các bộ phim do Orion phân phối có bốn tác phẩm đoạt giải Oscar Phim hay nhất: ""Amadeus"" (năm 1984), ""Platoon"" (năm 1986), ""Dances with Wolves"" (năm
Woody Allen
Haywood ""Woody"" Allen (sinh Allan Stewart Konigsberg; ngày 1 tháng 12 năm 1935) là một đạo diễn phim, tác giả, diễn viên hài và nhạc sĩ người Mỹ mà sự nghiệp của ông trải qua hơn sáu thập kỷ.",,
5a7268235542992359bc3081,A_likely_ok,Đơn vị nào của Air National Guard đóng tại căn cứ từng là nơi đặt trụ sở của 509th Bomb Wing bay trên máy bay General Dynamics FB-111A?,What unit of the Air National Guard is located at a base that was home to the 509th Bomb Wing flying the General Dynamics FB-111A?,133d Air Refueling Squadron,133d Air Refueling Squadron,"Phi đoàn Tiếp nhiên liệu 133 (133 ARS) là một đơn vị của Phi đội Tiếp nhiên liệu 157 thuộc Không quân Vệ binh Quốc gia New Hampshire đặt tại Căn cứ Không quân Pease, Portsmouth, New Hampshire, Hoa Kỳ.","Phi đoàn Tiếp nhiên liệu 133
Phi đoàn Tiếp nhiên liệu 133 (133 ARS) là một đơn vị của Phi đội Tiếp nhiên liệu 157 thuộc Không quân Vệ binh Quốc gia New Hampshire đặt tại Căn cứ Không quân Pease, Portsmouth, New Hampshire, Hoa Kỳ.
Căn cứ Không quân Vệ binh Quốc gia Pease
Pease Air National Guard Base là căn cứ của Không quân Quốc gia New Hampshire nằm tại Sân bay quốc tế Pease ở Pease, New Hampshire. Nó chiếm một phần của những gì từng là Căn cứ Không quân Pease, một cơ sở trước đây thuộc Bộ Tư lệnh Không quân Chiến lược với dân số liên quan đến căn cứ 10.000 và là nơi đặt 509th Bomb Wing (509 BW) sử dụng máy bay General Dynamics FB-111A. Căn cứ Không quân Pease đã đóng cửa theo quyết định của Ủy ban Điều chỉnh và Đóng cửa Căn cứ năm 1991, với việc chuyển giao 509 BW về Căn cứ Không quân Whiteman ở Missouri. Năm 1983, các cuộc điều tra cho thấy đất và nước bị ô nhiễm bởi chất tẩy rửa mỡ và nhiên liệu phản lực JP-4; vào năm 1990 căn cứ được đưa vào Danh sách ưu tiên quốc gia của các địa điểm siêu quỹ đất. Tính đến năm 2015, sau 25 năm hoạt động của Cơ quan Phát triển Pease, Khu thương mại quốc tế Pease có khoảng gần như gần như bao gồm trên dưới  275 doanh nghiệp sử dụng lao động dân sự gần như trên dưới  86% .",,
5abda2b755429933744ab80f,A_likely_ok,Hermann Wilhelm Göring là một phi công chiến đấu kỳ cựu trong một cuộc chiến tranh mà kết thúc vào năm nào?,Hermann Wilhelm Göring was a veteran fighter pilot in a war that ended in what year?,1918,1918,Chiến tranh thế giới thứ nhất,"Hermann Göring
Hermann Wilhelm Göring (; 12 tháng 1 năm 1893 – 15 tháng 10 năm 1946) là một nhà lãnh đạo chính trị và quân sự của Đức cũng như một trong những nhân vật quyền lực nhất trong Đảng Quốc xã (NSDAP) đã cai trị nước Đức từ năm 1933 đến năm 1945. Là một phi công chiến đấu kỳ cựu, ông được tặng thưởng ""Pour le Mérite"". Ông từng là chỉ huy cuối cùng của ""Jagdgeschwader"" số I, đơn vị chiến đấu từng do Manfred von Richthofen chỉ huy.
Chiến tranh thế giới thứ nhất
Chiến tranh thế giới thứ nhất (WW1 hay WWI), còn được biết đến với tên gọi Thế chiến thứ nhất, Chiến tranh vĩ đại, hay Chiến tranh chấm dứt mọi cuộc chiến, là một cuộc chiến toàn cầu bắt nguồn từ châu Âu kéo dài từ ngày 28 tháng 7 năm 1914 đến ngày 11 tháng 10 năm 1938. Hơn bảy mươi triệu quân đội tham gia vào xung đột này bao gồm sáu mươi triệu người Châu Âu; đây là một trong những cuộc chiến lớn nhất trong lịch sử loài người. Hơn chín triệu lính và bảy triệu dân thường thiệt mạng do hậu quả của cuộc chiến (bao gồm cả nạn diệt chủng) cùng với tỷ lệ thương vong tăng cao do sự phát triển công nghệ và công nghiệp hóa của các nước tham gia cũng như tình trạng bế tắc về mặt quân sự khi hai phe đối nghịch áp dụng hình thức giao tranh tại các tuyến phòng thủ kiên cố trên mặt đất. Đây là một trong những cuộc xung đột đẫm máu nhất trong lịch sử loài người và đã đặt nền tảng cho những thay đổi chính trị lớn bao gồm nhiều cách mạng ở các quốc gia liên quan sau đó. Những mâu thuẫn chưa được giải quyết vẫn tiếp tục tồn tại sau thời điểm kết thúc của nó dẫn tới việc bùng nổ Thế Chiến Thứ Hai chỉ hơn hai thập niên sau đó.",,
5ac298f9554299657fa28fc9,A_likely_ok,"Josey Scott và Ian Watkins đều là những nhạc sĩ hứa hẹn. Trong hai người đàn ông tài năng này, ai bị bỏ tù, ảnh hưởng đến sự nghiệp của ban nhạc rock?","Josey Scott and Ian Watkins were both promising musicians. Which of these talented men was incarcerated, impacting his career with a rock band?",Lostprophets disbanded in 2013 after Watkins was charged with sexual offences in late 2012.,Lostprophets đã tan rã vào năm 2013 sau khi Watkins bị buộc tội phạm tình dục vào cuối năm 2012.,Lostprophets giải thể vào năm 2013 sau khi Watkins bị buộc tội về hành vi tình dục vào cuối năm 2012.,"Josey Scott
Josey Scott (sinh Joseph Scott Sappington; 3 tháng 5 năm 1972) là ca sĩ chính cũ của ban nhạc rock Saliva. Ngoài Saliva, Scott cùng viết lời và trình diễn bài hát ""Hero"" (được dùng làm một trong những bài hát chủ đề cho phim Spider-Man năm 2002) với Chad Kroeger của Nickelback.
Ian Watkins (Lostprophets)
Ian David Karslake Watkins (sinh ngày 30 tháng 7 năm 1977) là một ca sĩ, nhạc sĩ và tội phạm tình dục người xứ Wales. Anh trở nên nổi tiếng với tư cách thành viên sáng lập, ca sĩ chính và lời bài hát của ban nhạc rock Lostprophets. Lostprophets giải thể vào năm 2013 sau khi Watkins bị buộc tội về hành vi tình dục vào cuối năm 2012. Vào tháng 11 năm 2013, anh ta đã nhận tội đối với  13 cáo buộc bao gồm cả cưỡng hiếp cố ý và tấn công tình dục trẻ em dưới tuổi  13; những hành vi này được thực hiện chống lại các em bé sơ sinh của hai phụ nữ cũng đã bị kết án . Anh ta sau đó bị bỏ tù  29 năm và phải chịu thêm sáu năm khác để phục vụ bản án gia hạn giấy phép.",,
5ac056385542997d64295a08,A_flexible_span,"Ambrose Mendy đã quản lý và/hoặc tư vấn cho một võ sĩ quyền anh chuyên nghiệp người Anh, tính đến tháng 7 năm 2017 được xếp hạng thứ bảy trên thế giới ở hạng siêu trung lượng bởi ai?",Ambrose Mendy has managed and/or advised a British professional boxer that as of July 2017 is ranked the world's seventh best super middleweight by who?,"""The Ring"" magazine","Tạp chí ""The Ring""","được xếp thứ hai thế giới ở hạng siêu trung lượng bởi BoxRec, thứ sáu bởi Hội đồng xếp hạng Quyền anh xuyên quốc gia và thứ bảy bởi tạp chí The Ring.","Ambrose Mendy
Ambrose Mendy (sinh tháng 8 năm 1954) là một người quản lý, cố vấn và đại diện thể thao quyền anh người Anh. Ông đã từng quản lý và/hoặc tư vấn cho Nigel Benn; James DeGale; Chris Eubank Junior; Lloyd Honeyghan & Errol Christie cùng nhiều võ sĩ khác trong sự nghiệp đấm bốc bắt đầu từ cuối những năm 1970.
Chris Eubank Jr.
Christopher Livingstone ""Chris"" Eubank Jr. (sinh ngày 18 tháng 9 năm 1989) là một võ sĩ quyền anh chuyên nghiệp người Anh. Anh đã nắm giữ danh hiệu IBO hạng siêu trung lượng từ tháng 2 năm 2017, trước đó từng nắm giữ danh hiệu WBA tạm thời và British middleweight giữa năm 2015 và 2016. Tính đến tháng Bảy năm 2017, Eubank Jr. được xếp thứ hai thế giới ở hạng siêu trung lượng bởi BoxRec, thứ sáu bởi Hội đồng xếp hạng Quyền anh xuyên quốc gia và thứ bảy bởi tạp chí The Ring. Anh là con trai của cựu nhà vô địch quyền anh hai lần giành giải thưởng Chris Eubank.",,
5abd12bb55429933744ab703,A_likely_ok,Conrad Anker đã tìm thấy xác của một người leo núi đã tham gia vào ba chuyến thám hiểm Anh đầu tiên tới đỉnh núi nào?,Conrad Anker located the body of a mountaineer who took part it the first three British expeditions to which mountain?,Mount Everest,Núi Everest,Năm 1999 ông tìm thấy xác George Mallory trên đỉnh Everest khi tham gia vào nhóm tìm kiếm thi thể của nhà leo núi huyền thoại người Anh này.,"Conrad Anker
Conrad Anker (sinh ngày 27 tháng 11 năm 1962) là một vận động viên leo núi, nhà thám hiểm và tác giả người Mỹ. Ông nổi tiếng với những lần chinh phục đỉnh cao ở dãy Himalaya và Nam Cực. Ông là trưởng nhóm của đội The North Face leo núi. Năm 1999 ông tìm thấy xác George Mallory trên đỉnh Everest khi tham gia vào nhóm tìm kiếm thi thể của nhà leo núi huyền thoại người Anh này. Hiện tại ông sống tại Bozeman, Montana
George Mallory
George Herbert Leigh Mallory (18/6/1886 – 8 hoặc 9/6/1924) là một nhà thám hiểm núi người Anh tham gia ba cuộc thám hiểm đầu tiên của Anh lên đỉnh Everest vào những năm 1920.",,
5a77a7695542997042120ac4,A_likely_ok,"Phim tài liệu nào lâu đời hơn, The Private Life of Plants hay Marx Reloaded?","Which documentary is the oldest, The Private Life of Plants or Marx Reloaded?",The Private Life of Plants,Cuộc sống riêng tư của cây,Cuộc sống riêng của thực vật,"Cuộc sống riêng của thực vật
Cuộc sống riêng tư của thực vật là một loạt phim tài liệu tự nhiên của BBC được viết và trình bày bởi David Attenborough, lần đầu tiên được phát sóng tại Vương quốc Anh vào ngày 11 tháng 1 năm 1995.
Marx Tái Sinh
Marx Reloaded là một bộ phim tài liệu của Đức năm 2011 được viết và đạo diễn bởi tác giả và lý thuyết gia người Anh Jason Barker. Phim có sự tham gia phỏng vấn của nhiều triết gia nổi tiếng, nhằm mục đích nghiên cứu ý tưởng của Karl Marx liên quan đến cuộc suy thoái kinh tế lớn. Tên phim là cách chơi chữ với ""The Matrix Reloaded"", phần tiếp theo của ""The Matrix"", được mô phỏng trong bộ phim tài liệu này.",,
5a7281075542994cef4bc2e9,A_likely_ok,"Năm 1736, một khu phức hợp được xây dựng ở trung tâm Moscow. Khu phức hợp này được biết đến với tên gọi gì?","In 1736, a fortified complex was built in the heart of Moscow. What is this complex known as?",Moscow Kremlin,Kremlin Moscow,Điện Kremlin,"Hàng vũ khí của Điện Kremlin
Hàng kho vũ khí (tiếng Nga: Арсенал Московского Кремля) là một nhà kho vũ khí cũ được xây dựng bên trong khuôn viên của Điện Kremlin ở Moscow, Nga. Ban đầu được xây dựng vào năm 1736, sau đó đã nhiều lần tái thiết. Nó vẫn còn hoạt động cho đến nay về mặt quân sự, trái ngược với Nhà kho vũ khí Điện Kremlin, một nhà kho khác nằm trong những bức tường của Điện Kremlin ở Moscow hiện nay là bảo tàng. Tòa nhà này không mở cửa đón khách du lịch và họ chỉ có thể xem phần phía Nam ngắn ngủi khi bước chân vào khu vực điện Kremlin ở Moscow.
Điện Kremlin
Điện Kremlin (tiếng Nga: Моско́вский Кремль, ""Moskovskiy Kreml""; ) thường được gọi đơn giản là Điện Kremlin, là một pháo đài nằm ở trung tâm của Moscow nhìn ra sông Moskva ở phía nam, Nhà thờ Thánh Basil và Quảng trường Đỏ ở phía đông và Vườn Alexander ở phía tây. Đây là điện Kremlin nổi tiếng nhất trong số các điện kremlin (các thành trì của Nga) bao gồm năm cung điện, bốn nhà thờ cùng với bức tường bao quanh Điện Kremlin cùng những tháp canh. Ngoài ra còn có Cung điện Đại Điện Kremlin nằm bên trong khu phức hợp này.",,
5a8f791c5542992414482ad9,A_likely_ok,Fallujah và Dying Fetus có điểm gì chung trong nghệ thuật?,What artistic endeavor do Fallujah and Dying Fetus have in common?,death metal band,Death metal band,"Dying Fetus là một ban nhạc death metal người Mỹ xuất thân từ Upper Marlboro, Maryland.","Fallujah (ban nhạc)
Fallujah là một ban nhạc death metal kỹ thuật người Mỹ đến từ San Francisco, California, được thành lập vào năm 2007. Fallujah đã lưu diễn cùng với những ban nhạc như The Black Dahlia Murder, Carnifex, Thy Art is Murder, Dying Fetus, Between the Buried and Me và The Contortionist.
Chết non
Dying Fetus là một ban nhạc death metal người Mỹ xuất thân từ Upper Marlboro, Maryland. Thành lập vào năm 1991, nhóm được biết đến với cấu trúc bài hát mang tính chất lôi cuốn nhất quán của họ, đặc trưng bởi những nhịp điệu dữ dội, giai điệu phức tạp và nặng nề. Ngoài ra, lời bài hát dựa trên hiện thực cùng chủ đề chính trị/hiện đại trong đó cũng nổi bật ở dòng nhạc death metal . Việc thay đổi đội hình nhiều lần trong những năm qua đã khiến John Gallagher trở thành thành viên duy nhất còn lại từ thời kỳ đầu của ban nhạc cũng như động lực thúc đẩy cho sự phát triển của nhóm. Theo Gallagher chia sẻ rằng tên gọi ban nhạc được lựa chọn khi các thành viên đều còn ở độ tuổi thiếu niên và nó vốn dĩ có ý nghĩa gây xúc phạm. Cho đến nay Dying Fetus đã phát hành tám album phòng thu.",,
5a7337715542991f9a20c690,A_likely_ok,Sissy Spacek đã giành giải Oscar Nữ diễn viên xuất sắc nhất cho phim nào của Thomas Rickman?,For which Thomas Rickman film did Sissy Spacek win an Academy Award for Best Actress?,Coal Miner's Daughter,Con gái của một thợ mỏ than,Con gái thợ mỏ (phim),"Thomas Rickman (nhà văn)
Thomas Rickman (đôi khi được ghi nhận là Tom Rickman) là một đạo diễn và biên kịch phim người Mỹ, nổi tiếng với những bộ phim như ""Con gái thợ mỏ than"", ""Hooper"", ""Tuesdays with Morrie"" và ""Truman"".
Con gái thợ mỏ (phim)
Con gái thợ mỏ than là một bộ phim tiểu sử năm 1980 kể về ca sĩ nhạc đồng quê Loretta Lynn. Phim có sự tham gia của Sissy Spacek trong vai Loretta, một vai diễn đã mang lại cho cô giải Oscar cho Nữ diễn viên xuất sắc nhất. Tommy Lee Jones hóa thân thành chồng của Loretta là Mooney Lynn cùng với Beverly D'Angelo và Levon Helm cũng đóng vai chính. Bộ phim được đạo diễn bởi Michael Apted.",,
5a8e1577554299068b959e54,A_likely_ok,Stanley Kwan và Ken Hughes có nghề nghiệp gì chung?,What professionn does Stanley Kwan and Ken Hughes have in common?,director,giám đốc,Ken Hughes,"Stanley Kwan
Stanley Kwan (; sinh ngày 9 tháng 10 năm 1957) là một đạo diễn và nhà sản xuất phim Hồng Kông thuộc Thế hệ thứ hai.
Ken Hughes
Kenneth Graham ""Ken"" Hughes (19 tháng 1 năm 1922 – ngày 28 tháng 4 năm 2001) là một đạo diễn, nhà biên kịch và nhà sản xuất phim người Anh, được biết đến nhiều nhất với vai trò đồng biên kịch và đạo diễn bộ phim dành cho trẻ em Chitty Chitty Bang Bang ra mắt năm 1968.",,
5ae45adc55429970de88d93f,A_likely_ok,"Tên nhóm mà Spyder Turner, người chiến thắng cuộc thi hát ở địa chỉ 253 Tây 125 phố đã từng hát phụ họa là gì?",What group did the 253 West 125th Street-contest winner Spyder Turner sing back up for?,The Stereophonics and The Fabulous Counts,Các âm thanh âm thanh và những con số tuyệt vời,Ông bắt đầu thu âm sau khi giành chiến thắng trong một cuộc thi tại Apollo Theater ở New York; ông đã thu vài bản solo và hát đệm cho các nhóm The Stereophonics và The Fabulous Counts.,"Spyder Turner
Spyder Turner (sinh Dwight David Turner, ngày 4 tháng 2 năm 1947, Beckley, West Virginia) là một ca sĩ nhạc soul người Mỹ. Ông sinh ra và lớn lên ở Detroit, hát trong các nhóm doo wop và dàn hợp xướng của trường trung học khi còn trẻ. Ông bắt đầu thu âm sau khi giành chiến thắng trong một cuộc thi tại Apollo Theater ở New York; ông đã thu vài bản solo và hát đệm cho các nhóm The Stereophonics và The Fabulous Counts.
Nhà hát Apollo
Nhà hát Apollo tại 253 Tây 125 phố giữa Đại lộ Adam Clayton Powell Jr. (trước đây là Đại lộ thứ Bảy) và Frederick Douglass Boulevard (trước đây là Đại lộ thứ Tám) ở khu Harlem của Manhattan, thành phố New York là một hội trường âm nhạc nổi tiếng với các nghệ sĩ người Mỹ gốc Phi. Nó từng là nơi tổ chức chương trình truyền hình ca nhạc ""Showtime at the Apollo"", từ năm 1987 đến năm 2008, đã giới thiệu những tài năng mới trên truyền hình quốc gia trong tổng cộng 1.093 tập phim phát sóng.",,
5ac02d59554299294b218f3b,A_likely_ok,"Nhà soạn nhạc phim Angaaray, Aadesh Shrivastava qua đời vì điều gì ở tuổi 51?","The music composer of the film Angaaray, Aadesh Shrivastava died from what at age 51?","he turned 51, he died of cancer","Anh ta đã 51 tuổi, anh ta chết vì ung thư.","Chỉ một ngày sau khi tròn tuổi mới 51, ông qua đời vì ung thư tại Bệnh viện Kokilaben Dhirubhai Ambani.","Angaaray (1998)
Angaaray là một bộ phim hành động Ấn Độ năm 1998 được sản xuất bởi Madhu Ramesh Behl trên Rose Movies Combines banner, đạo diễn Mahesh Bhatt. Phim có sự tham gia của Akshay Kumar, Nagarjuna, Pooja Bhatt và Sonali Bendre trong vai chính và nhạc được soạn bởi Anu Malik & Aadesh Shrivastava. Nó đã thành công tại phòng vé.
Aadesh Shrivastava
Aadesh Shrivastava (4 tháng 9 năm 1964 - ngày 5 tháng 9 năm 2015) là một nhạc sĩ và ca sĩ người Ấn Độ. Trong sự nghiệp của mình, ông đã sáng tác âm nhạc cho trên 100 bộ phim tiếng Hindi. Chỉ một ngày sau khi tròn tuổi mới 51, ông qua đời vì ung thư tại Bệnh viện Kokilaben Dhirubhai Ambani.",,
5a7329a15542991f9a20c65f,A_likely_ok,Kỷ lục chính thức bắt đầu vào năm 1519 trong cùng một tiểu bang mà thành phố Augustus Chapman Allen sử dụng gia tài thừa kế của mình để tài trợ cho việc thành lập là gì?,What record officially started in 1519 in the same state that holds the city Augustus Chapman Allen used his inheritance to fund the founding of?,The recorded History of Texas,Lịch sử được ghi lại của Texas,Lịch sử của Texas,"Charlotte Baldwin Allen
Charlotte Baldwin Allen (14 tháng 7 năm 1805 – ngày 3 tháng 8 năm 1895) được biết đến trong lịch sử Texas là ""người mẹ của Houston"". Bà là vợ của Augustus Chapman Allen, người dùng gia sản thừa kế để tài trợ cho việc thành lập thành phố này.
Lịch sử của Texas
Lịch sử ghi chép của Texas bắt đầu từ chuyến thám hiểm đầu tiên đến vùng Bắc Mỹ hiện nay là Texas của Tây Ban Nha vào năm 1519, những người đã phát hiện ra vùng này có cư trú bởi nhiều bộ tộc bản địa. Tổ tiên của người da đỏ đã ở tại đây hơn 10,000 năm như được chứng minh qua việc khám phá ra hài cốt cổ đại của Leanderthal Lady. Trong giai đoạn lịch sử ghi chép từ năm 1519 cho tới 1848, toàn thể hay một phần lãnh thổ Texas bị tranh chấp bởi năm quốc gia: Pháp, Tây Ban Nha, Mexico, Cộng hòa Texas và Hoa Kỳ – cũng như các nước ly khai Liên minh miền Nam trong thời Nội chiến Hoa Kỳ (năm 1862-65).",,
5a7319e755429901807daf86,A_likely_ok,Kẻ ném bóng của đội Minnesota Vikings giữ kỷ lục nào trong NCAA?,Which NCAA record does the quarterback of the Minnesota Vikings hold?,most total touchdowns in NCAA history,số touchdown tổng cộng nhất trong lịch sử NCAA,"Là một tiền vệ hai mặt, LeFevour đã ghi được số bàn thắng nhiều nhất trong lịch sử NCAA trước khi bị Case Keenum vượt qua vào năm 2011","Dan LeFevour
Daniel Terrence LeFevour (sinh ngày 19 tháng 3 năm 1987) là một cầu thủ bóng đá Canada cho Winnipeg Blue Bombers của giải bóng đá Canada. Anh được Chicago Bears chọn ở lượt thứ sáu trong vòng tuyển chọn NFL năm 2010. Anh chơi bóng đá đại học tại trường Đại học Trung tâm Michigan. Là một tiền vệ hai mặt, LeFevour đã ghi được số bàn thắng nhiều nhất trong lịch sử NCAA trước khi bị Case Keenum vượt qua vào năm 2011
Case Keenum
Casey Austin Keenum (sinh ngày 17 tháng 2 năm 1988) là một cầu thủ bóng bầu dục Mỹ cho Minnesota Vikings của Liên đoàn Bóng bầu dục Quốc gia (NFL). Anh chơi bóng đá đại học cho Houston, nơi anh trở thành người dẫn đầu mọi thời đại NCAA trong tổng số yard chuyền bóng, bàn thắng và hoàn thành. Anh ký hợp đồng với Houston Texans như một tân binh không được chọn vào năm 2012, và cũng đã chơi cho St. Louis/Los Angeles Rams.",,
5a8ac0595542992d82986f6c,A_likely_ok,"Tên vai nhỏ mà nghệ sĩ vẽ truyện tranh người New Zealand này đóng trong phim ""King Kong"" sẽ do đạo diễn nào chỉ đạo sản xuất dựa trên tiểu thuyết của Philip Reeve?","Which minor role did this New Zealand storyboard artist play in the film ""King Kong"" who will direct the film based on the novel by Philip Reeve?",Gondorian soldier,Một binh sĩ Gondorian,"Anh cũng đóng vai cameo trong """" với vai một lính Gondorian và ""King Kong"" với vai một lính trên xe tải.","Thành phố di động
Mortal Engines là một bộ phim điện ảnh hành động giả tưởng khoa học sắp ra mắt của New Zealand và Mỹ do Christian Rivers đạo diễn, với phần kịch bản được chuyển thể từ tiểu thuyết cùng tên của tác giả Philip Reeve. Phim có sự tham gia diễn xuất của các diễn viên Robert Sheehan, Hera Hilmar, Hugo Weaving, Jihae, Leila George, Ronan Raftery và Stephen Lang. Phim dự kiến sẽ khởi chiếu chính thức vào ngày 14 tháng 12 năm 2018.
Christian Rivers
Christian Rivers là một nghệ sĩ bảng truyện tranh, giám sát viên hiệu ứng hình ảnh, kỹ thuật viên hiệu ứng đặc biệt và đạo diễn người New Zealand. Anh gặp Peter Jackson lần đầu tiên khi mới 17 tuổi, và đã viết kịch bản cho tất cả các bộ phim của Jackson kể từ ""Braindead"". Anh cũng đóng vai cameo trong """" với vai một lính Gondorian và ""King Kong"" với vai một lính trên xe tải. Anh cũng sẽ chỉ đạo phiên bản chuyển thể sắp ra mắt của ""Mortal Engines"" và phiên bản làm lại của ""The Dam Busters"", cả hai đều do Peter Jackson sản xuất.",,
5ae356045542990afbd1e10d,A_likely_ok,"Thành phố nào có đội bóng đá và từng có một cầu thủ từ Pago Pago, Samoa Mỹ chơi cho nó?","What city has a football team and had a player from Pago Pago, American Samoa play for it?","He is from Pago Pago, American Samoa and played college football at Oregon.","Ông đến từ Pago Pago, Samoa Mỹ và chơi bóng đá đại học tại Oregon.","Anh đến từ Pago Pago, Samoa thuộc Mỹ và đã thi đấu bóng đá đại học tại Oregon.","Matt Toeaina
Matt Toeaina (; sinh ngày 9 tháng 10 năm 1984) là một cầu thủ bóng đá Mỹ ở vị trí hậu vệ phòng ngự hiện đang là cầu thủ tự do. Anh từng được đội Cincinnati Bengals chọn trong vòng sáu của NFL Draft 2007, và sau đó chơi cho Chicago Bears. Anh đến từ Pago Pago, Samoa thuộc Mỹ và đã thi đấu bóng đá đại học tại Oregon.
Bóng đá Oregon Ducks
Chương trình bóng đá Oregon Ducks là một đội bóng đá đại học của Đại học Oregon, có trụ sở tại tiểu bang Oregon. Đội thi đấu ở giải NCAA Division I trong FBS và là thành viên của Pac-12 Conference (Pac-12). Được biết đến với tên gọi Ducks, đội từng được gọi phổ biến là Webfoots cho đến giữa những năm 60. Đội bóng đá đầu tiên ra mắt vào năm 1894. Oregon chơi các trận đấu trên sân nhà tại sân vận động Autzen có sức chứa 54.000 chỗ ngồi ở Eugene; đối thủ chính của họ là đội bóng đá đại học Oregon State Beavers và Washington Huskies. Ducks cùng với Beavers thường kết thúc mỗi mùa giải thông qua trận đấu truyền thống Civil War vào cuối tháng Mười Một hàng năm",,
